date,symbol,type,quantity,price,fee,tax,account,note
2026-05-14,6187.TWO,SELL,5,1140,8,17,台股（永豐）,
2026-05-14,6442.TW,SELL,3,1825,7,16,台股（永豐）,
2026-05-14,2480.TW,BUY,30,151,6,0,台股（永豐）,
2026-05-14,3653.TW,SELL,1,3405,4,10,台股（永豐）,
2026-05-14,8299.TWO,BUY,1,2870,4,0,台股（永豐）,
2026-05-14,6187.TWO,SELL,2,1165,3,6,台股（永豐）,
2026-05-14,6187.TWO,SELL,2,1150,3,6,台股（永豐）,
2026-05-14,AAPL,DIVIDEND,7,0.18857142857142858,0.57,0,美股（Firstrade）,
2026-05-13,3583.TW,BUY,6,949,8,0,台股（永豐）,
2026-05-13,6223.TWO,SELL,1,5530,7,16,台股（永豐）,
2026-05-13,6442.TW,SELL,3,1790,7,16,台股（永豐）,
2026-05-13,6442.TW,SELL,3,1770,7,15,台股（永豐）,
2026-05-13,7734.TWO,BUY,1,4325,6,0,台股（永豐）,
2026-05-13,2492.TW,BUY,20,199,5,0,台股（永豐）,
2026-05-13,2467.TW,BUY,5,630,4,0,台股（永豐）,
2026-05-13,8027.TWO,BUY,10,252.5,3,0,台股（永豐）,
2026-05-13,SOL-USD,BUY,0.08269811,96.74,0,0,加密貨幣（Binance）,
2026-05-12,3583.TW,BUY,12,885,15,0,台股（永豐）,
2026-05-12,2467.TW,BUY,10,627,8,0,台股（永豐）,
2026-05-12,8027.TWO,BUY,25,240,8,0,台股（永豐）,
2026-05-12,8027.TWO,BUY,25,238.5,8,0,台股（永豐）,
2026-05-12,8027.TWO,BUY,25,234.5,8,0,台股（永豐）,
2026-05-12,2492.TW,BUY,30,173,7,0,台股（永豐）,
2026-05-12,2327.TW,BUY,12,416.5,7,0,台股（永豐）,
2026-05-12,3653.TW,SELL,1,3890,5,11,台股（永豐）,
2026-05-12,2467.TW,BUY,5,635,5,0,台股（永豐）,
2026-05-12,7722.TW,SELL,6,271.5,2,4,台股（永豐）,
2026-05-11,8027.TWO,BUY,25,212,7,0,台股（永豐）,
2026-05-11,2492.TW,BUY,30,170.5,7,0,台股（永豐）,
2026-05-11,6187.TWO,SELL,4,1135,6,13,台股（永豐）,
2026-05-11,6442.TW,SELL,2,1915,5,11,台股（永豐）,
2026-05-11,6442.TW,SELL,2,1915,5,11,台股（永豐）,
2026-05-11,TAO22974-USD,BUY,0.00995548,321.43,0,0,加密貨幣（Binance）,
2026-05-08,2327.TW,BUY,10,396,5,0,台股（永豐）,
2026-05-08,2327.TW,BUY,10,391.5,5,0,台股（永豐）,
2026-05-08,2327.TW,BUY,5,389,2,0,台股（永豐）,
2026-05-08,2327.TW,BUY,5,388.5,2,0,台股（永豐）,
2026-05-07,3081.TWO,SELL,3,2505,10,22,台股（永豐）,
2026-05-07,6187.TWO,SELL,6,1170,10,21,台股（永豐）,
2026-05-07,8299.TWO,BUY,2,2420,6,0,台股（永豐）,
2026-05-07,2327.TW,BUY,10,371,5,0,台股（永豐）,
2026-05-07,6187.TWO,SELL,3,1155,4,10,台股（永豐）,
2026-05-07,5289.TWO,BUY,2,1570,4,0,台股（永豐）,
2026-05-07,,DEPOSIT,1,158,0,0,加密貨幣（Binance）,
2026-05-06,6442.TW,SELL,5,1885,13,27,台股（永豐）,
2026-05-06,8299.TWO,BUY,2,2305,6,0,台股（永豐）,
2026-05-06,8299.TWO,BUY,2,2305,6,0,台股（永豐）,
2026-05-06,5289.TWO,BUY,3,1495,6,0,台股（永豐）,
2026-05-06,SHY,DIVIDEND,24,0.17,1.75,0,美股（Firstrade）,
2026-05-05,2467.TW,SELL,20,584,16,35,台股（永豐）,
2026-05-05,2327.TW,BUY,15,355.5,7,0,台股（永豐）,
2026-05-05,8027.TWO,SELL,25,201.5,7,15,台股（永豐）,
2026-05-05,8299.TWO,BUY,2,2120,6,0,台股（永豐）,
2026-05-05,5289.TWO,BUY,2,1505,4,0,台股（永豐）,
2026-05-05,ASML,DIVIDEND,1,2.69,0,0.48,美股（Firstrade）,
2026-05-05,ASML,DIVIDEND,1,2.69,0,0.48,美股（Firstrade）,
2026-05-04,2327.TW,BUY,15,341,7,0,台股（永豐）,
2026-05-04,8027.TWO,BUY,25,203.5,7,0,台股（永豐）,
2026-05-04,BTC-USD,BUY,0.0003185,78492.94,0,0,加密貨幣（Binance）,
2026-05-04,ETH-USD,BUY,0.00431619,2316.86,0,0,加密貨幣（Binance）,
2026-05-04,SOL-USD,BUY,0.05983833,83.56,0,0,加密貨幣（Binance）,
2026-05-04,BNB-USD,BUY,0.00648254,617.04,0,0,加密貨幣（Binance）,
2026-05-04,LINK,BUY,0.27318044,9.15,0,0,加密貨幣（Binance）,
2026-05-04,TAO22974-USD,BUY,0.00694692,287.9,0,0,加密貨幣（Binance）,
2026-05-04,AVAX,BUY,0.16572395,9.05,0,0,加密貨幣（Binance）,
2026-04-30,3081.TWO,BUY,2,2655,8,0,台股（永豐）,
2026-04-30,PI,BUY,1,138,0,0,美股（Firstrade）,
2026-04-30,SHY,SELL,1,82.46,0,0,美股（Firstrade）,
2026-04-29,0050.TW,SELL,230,90.6,29,20,台股（永豐）,
2026-04-29,2467.TW,BUY,10,555,7,0,台股（永豐）,
2026-04-29,8299.TWO,BUY,2,2050,5,0,台股（永豐）,
2026-04-29,ARM,BUY,1,201.5,0,0,美股（Firstrade）,
2026-04-29,SHY,SELL,2,82.45,0,0,美股（Firstrade）,
2026-04-29,SHY,SELL,1,82.46,0,0,美股（Firstrade）,
2026-04-28,8299.TWO,BUY,2,1895,5,0,台股（永豐）,
2026-04-28,3081.TWO,BUY,1,2525,3,0,台股（永豐）,
2026-04-28,CLS,SELL,1,357,0,0,美股（Firstrade）,
2026-04-28,SHY,BUY,4,82.5,0,0,美股（Firstrade）,
2026-04-27,6187.TWO,SELL,5,1100,7,16,台股（永豐）,
2026-04-27,2330.TW,BUY,2,2315,6,0,台股（永豐）,
2026-04-27,8027.TWO,BUY,10,170,2,0,台股（永豐）,
2026-04-27,BTC-USD,BUY,0.0003184,78517.59,0,0,加密貨幣（Binance）,
2026-04-27,ETH-USD,BUY,0.00422788,2365.25,0,0,加密貨幣（Binance）,
2026-04-27,BNB-USD,BUY,0.00787314,635.07,0,0,加密貨幣（Binance）,
2026-04-27,LINK,BUY,0.42152073,9.49,0,0,加密貨幣（Binance）,
2026-04-27,SOL-USD,BUY,0.02883118,86.71,0,0,加密貨幣（Binance）,
2026-04-27,AVAX,BUY,0.26419519,9.46,0,0,加密貨幣（Binance）,
2026-04-27,TAO22974-USD,BUY,0.00394852,253.26,0,0,加密貨幣（Binance）,
2026-04-24,3081.TWO,BUY,2,2820,8,0,台股（永豐）,
2026-04-24,7734.TWO,BUY,1,3635,5,0,台股（永豐）,
2026-04-24,6187.TWO,BUY,2,1185,3,0,台股（永豐）,
2026-04-24,SHY,BUY,5,82.58,0,0,美股（Firstrade）,
2026-04-24,AVAV,SELL,1,197.1,0,0,美股（Firstrade）,
2026-04-23,3665.TW,BUY,2,2760,8,0,台股（永豐）,
2026-04-23,2467.TW,BUY,10,540,8,0,台股（永豐）,
2026-04-23,6442.TW,BUY,2,2100,6,0,台股（永豐）,
2026-04-23,6187.TWO,BUY,3,1295,6,0,台股（永豐）,
2026-04-23,6187.TWO,BUY,3,1280,5,0,台股（永豐）,
2026-04-23,3081.TWO,BUY,1,3220,5,0,台股（永豐）,
2026-04-23,3081.TWO,BUY,1,2955,4,0,台股（永豐）,
2026-04-22,7722.TW,BUY,3,312,1,0,台股（永豐）,
2026-04-22,AVAV,SELL,1,208,0,0,美股（Firstrade）,
2026-04-21,3443.TW,BUY,2,3690,10,0,台股（永豐）,
2026-04-21,6223.TWO,BUY,1,4900,6,0,台股（永豐）,
2026-04-21,2454.TW,BUY,2,2040,5,0,台股（永豐）,
2026-04-21,2454.TW,BUY,2,2035,0,0,台股（永豐）,
2026-04-21,8299.TWO,BUY,2,1690,4,0,台股（永豐）,
2026-04-20,7734.TWO,BUY,2,2610,6,0,台股（永豐）,
2026-04-20,2330.TW,BUY,2,2045,5,0,台股（永豐）,
2026-04-20,6187.TWO,BUY,3,1255,5,0,台股（永豐）,
2026-04-20,BTC-USD,BUY,0.0003353,74560.1,0,0,加密貨幣（Binance）,
2026-04-20,ETH-USD,BUY,0.00437124,2287.68,0,0,加密貨幣（Binance）,
2026-04-20,BNB-USD,BUY,0.00802206,623.28,0,0,加密貨幣（Binance）,
2026-04-20,LINK,BUY,0.4352008,9.19,0,0,加密貨幣（Binance）,
2026-04-20,SOL-USD,BUY,0.02970165,84.17,0,0,加密貨幣（Binance）,
2026-04-20,AVAX,BUY,0.27299202,9.16,0,0,加密貨幣（Binance）,
2026-04-20,TAO22974-USD,BUY,0.00410941,243.34,0,0,加密貨幣（Binance）,
2026-04-17,6442.TW,BUY,2,2195,6,0,台股（永豐）,
2026-04-17,6187.TWO,BUY,3,1210,5,0,台股（永豐）,
2026-04-17,6187.TWO,BUY,2,1165,3,0,台股（永豐）,
2026-04-17,ARM,BUY,1,165,0,0,美股（Firstrade）,
2026-04-17,PI,SELL,1,112.8,0,0,美股（Firstrade）,
2026-04-16,3443.TW,BUY,2,3335,9,0,台股（永豐）,
2026-04-16,3037.TW,BUY,10,613,10,0,台股（永豐）,
2026-04-16,2454.TW,BUY,3,1885,8,0,台股（永豐）,
2026-04-16,3653.TW,BUY,1,4255,6,0,台股（永豐）,
2026-04-16,2330.TW,BUY,2,2065,5,0,台股（永豐）,
2026-04-16,6187.TWO,BUY,2,1060,3,0,台股（永豐）,
2026-04-15,2454.TW,BUY,3,1790,7,0,台股（永豐）,
2026-04-15,3081.TWO,BUY,2,2325,6,0,台股（永豐）,
2026-04-15,6187.TWO,BUY,2,1130,3,0,台股（永豐）,
2026-04-15,6187.TWO,BUY,2,1105,3,0,台股（永豐）,
2026-04-15,PLTR,BUY,1,140,0,0,美股（Firstrade）,
2026-04-14,3491.TWO,SELL,4,1725,9,20,台股（永豐）,
2026-04-14,3491.TWO,SELL,4,1715,9,20,台股（永豐）,
2026-04-14,2454.TW,BUY,3,1710,7,0,台股（永豐）,
2026-04-14,2454.TW,BUY,2,1725,4,0,台股（永豐）,
2026-04-14,6187.TWO,BUY,2,1025,2,0,台股（永豐）,
2026-04-14,6187.TWO,BUY,2,1005,2,0,台股（永豐）,
2026-04-13,8299.TWO,BUY,2,1770,5,0,台股（永豐）,
2026-04-13,7734.TWO,BUY,1,2630,4,0,台股（永豐）,
2026-04-13,6187.TWO,BUY,2,1005,3,0,台股（永豐）,
2026-04-13,,DEPOSIT,1,313,0,0,加密貨幣（Binance）,
2026-04-13,ARM,BUY,1,155.6,0,0,美股（Firstrade）,
2026-04-13,BTC-USD,BUY,0.0003507,71286,0,0,加密貨幣（Binance）,
2026-04-13,ETH-USD,BUY,0.00452286,2210.99,0,0,加密貨幣（Binance）,
2026-04-13,BNB-USD,BUY,0.00837694,596.88,0,0,加密貨幣（Binance）,
2026-04-13,LINK,BUY,0.4531171,8.83,0,0,加密貨幣（Binance）,
2026-04-13,SOL-USD,BUY,0.0304859,82.01,0,0,加密貨幣（Binance）,
2026-04-13,AVAX,BUY,0.27364354,9.14,0,0,加密貨幣（Binance）,
2026-04-13,TAO22974-USD,BUY,0.00381146,262.37,0,0,加密貨幣（Binance）,
2026-04-10,6223.TWO,BUY,1,4636,6,0,台股（永豐）,
2026-04-09,6187.TWO,BUY,3,938,4,0,台股（永豐）,
2026-04-09,6187.TWO,BUY,3,923,4,0,台股（永豐）,
2026-04-09,6187.TWO,BUY,2,941,2,0,台股（永豐）,
2026-04-09,6187.TWO,BUY,2,930,3,0,台股（永豐）,
2026-04-09,TSLA,SELL,1,347,0,0,美股（Firstrade）,
2026-04-09,AMD,BUY,1,234,0,0,美股（Firstrade）,
2026-04-09,2330.TW,DIVIDEND,36,5.722222222222222,10,0,台股（永豐）,
2026-04-09,ARM,BUY,1,148.5,0,0,美股（Firstrade）,
2026-04-08,,DEPOSIT,1,300000,0,0,台股（永豐）,
2026-04-08,6223.TWO,BUY,1,4245,6,0,台股（永豐）,
2026-04-08,8027.TWO,SELL,15,141,3,6,台股（永豐）,
2026-04-07,2454.TW,SELL,3,1470,6,13,台股（永豐）,
2026-04-07,3081.TWO,BUY,1,1945,2,0,台股（永豐）,
2026-04-07,SHY,DIVIDEND,19,0.1726315789473684,0,1.41,美股（Firstrade）,
2026-04-06,BTC-USD,BUY,0.00036017,69411.67,0,0,加密貨幣（Binance）,
2026-04-06,ETH-USD,BUY,0.00468778,2133.21,0,0,加密貨幣（Binance）,
2026-04-06,BNB-USD,BUY,0.00824375,606.52,0,0,加密貨幣（Binance）,
2026-04-06,LINK,BUY,0.44603625,8.97,0,0,加密貨幣（Binance）,
2026-04-06,AVAX,BUY,0.2677436,9.34,0,0,加密貨幣（Binance）,
2026-04-06,SOL-USD,BUY,0.03014324,82.94,0,0,加密貨幣（Binance）,
2026-04-06,TAO22974-USD,BUY,0.00321372,311.17,0,0,加密貨幣（Binance）,
2026-04-02,8033.TW,SELL,40,136.5,7,16,台股（永豐）,
2026-04-02,8033.TW,SELL,25,136,4,10,台股（永豐）,
2026-04-02,2454.TW,SELL,2,1465,4,8,台股（永豐）,
2026-04-02,8033.TW,SELL,15,136.5,2,6,台股（永豐）,
2026-04-02,3081.TWO,BUY,1,1865,2,0,台股（永豐）,
2026-04-02,MU,SELL,1,331,0,0,美股（Firstrade）,
2026-04-01,2357.TW,SELL,10,565,8,16,台股（永豐）,
2026-04-01,7734.TWO,BUY,1,2350,3,0,台股（永豐）,
2026-03-31,8299.TWO,SELL,2,1525,4,9,台股（永豐）,
2026-03-31,8299.TWO,SELL,2,1520,4,9,台股（永豐）,
2026-03-31,8027.TWO,BUY,20,138.5,3,0,台股（永豐）,
2026-03-31,2357.TW,SELL,5,554,3,8,台股（永豐）,
2026-03-31,5371.TWO,SELL,35,73.8,3,7,台股（永豐）,
2026-03-31,5371.TWO,SELL,35,73.7,3,7,台股（永豐）,
2026-03-31,6187.TWO,BUY,3,819,3,0,台股（永豐）,
2026-03-31,7734.TWO,BUY,1,2110,3,0,台股（永豐）,
2026-03-31,6443.TW,SELL,50,41.85,2,6,台股（永豐）,
2026-03-31,3081.TWO,BUY,1,1635,2,0,台股（永豐）,
2026-03-31,3081.TWO,BUY,1,1630,2,0,台股（永豐）,
2026-03-31,6187.TWO,BUY,2,810,2,0,台股（永豐）,
2026-03-31,8027.TWO,BUY,10,141,2,0,台股（永豐）,
2026-03-30,8299.TWO,BUY,2,1605,4,0,台股（永豐）,
2026-03-30,2454.TW,SELL,2,1525,4,9,台股（永豐）,
2026-03-30,8033.TW,SELL,20,142,4,8,台股（永豐）,
2026-03-30,2357.TW,SELL,5,567,4,8,台股（永豐）,
2026-03-30,SHY,BUY,4,82.5,0,0,美股（Firstrade）,
2026-03-30,CLS,SELL,1,257,0,0,美股（Firstrade）,
2026-03-30,AVAV,SELL,1,179,0,0,美股（Firstrade）,
2026-03-30,PI,SELL,1,96.8,0,0,美股（Firstrade）,
2026-03-30,BTC-USD,BUY,0.00037408,66830.62,0,0,加密貨幣（Binance）,
2026-03-30,ETH-USD,BUY,0.00495248,2019.19,0,0,加密貨幣（Binance）,
2026-03-30,BNB-USD,BUY,0.00811429,616.2,0,0,加密貨幣（Binance）,
2026-03-30,LINK,BUY,0.46624311,8.58,0,0,加密貨幣（Binance）,
2026-03-30,AVAX,BUY,0.28515375,8.77,0,0,加密貨幣（Binance）,
2026-03-30,SOL-USD,BUY,0.03027491,82.58,0,0,加密貨幣（Binance）,
2026-03-30,TAO22974-USD,BUY,0.00306322,326.45,0,0,加密貨幣（Binance）,
2026-03-27,6223.TWO,BUY,1,3590,5,0,台股（永豐）,
2026-03-27,3491.TWO,BUY,2,1655,4,0,台股（永豐）,
2026-03-27,3491.TWO,BUY,2,1650,4,0,台股（永豐）,
2026-03-27,3081.TWO,BUY,1,1740,2,0,台股（永豐）,
2026-03-26,8299.TWO,SELL,5,1725,12,25,台股（永豐）,
2026-03-26,3491.TWO,BUY,2,1540,4,0,台股（永豐）,
2026-03-26,3491.TWO,BUY,2,1520,4,0,台股（永豐）,
2026-03-26,5371.TWO,SELL,34,75.4,3,7,台股（永豐）,
2026-03-25,PLTR,BUY,1,155.3,0,0,美股（Firstrade）,
2026-03-24,6443.TW,SELL,65,43,3,8,台股（永豐）,
2026-03-24,SHY,SELL,2,82.29,0,0,美股（Firstrade）,
2026-03-23,6223.TWO,BUY,1,3670,5,0,台股（永豐）,
2026-03-23,6442.TW,BUY,1,1920,2,0,台股（永豐）,
2026-03-23,0050.TW,BUY,20,73.9,2,0,台股（永豐）,
2026-03-23,6443.TW,SELL,30,45.1,1,4,台股（永豐）,
2026-03-23,6443.TW,SELL,30,45.05,1,4,台股（永豐）,
2026-03-23,0050.TW,BUY,10,74,1,0,台股（永豐）,
2026-03-23,BTC-USD,BUY,0.00036738,68049.43,0,0,加密貨幣（Binance）,
2026-03-23,ETH-USD,BUY,0.00485858,2058.21,0,0,加密貨幣（Binance）,
2026-03-23,BNB-USD,BUY,0.00794798,629.09,0,0,加密貨幣（Binance）,
2026-03-23,LINK,BUY,0.45760621,8.74,0,0,加密貨幣（Binance）,
2026-03-23,AVAX,BUY,0.27504993,9.09,0,0,加密貨幣（Binance）,
2026-03-23,SOL-USD,BUY,0.02897378,86.28,0,0,加密貨幣（Binance）,
2026-03-23,TAO22974-USD,BUY,0.00379775,294.91,0,0,加密貨幣（Binance）,
2026-03-20,6223.TWO,BUY,1,3890,5,0,台股（永豐）,
2026-03-20,3081.TWO,BUY,1,1670,2,0,台股（永豐）,
2026-03-20,3081.TWO,BUY,1,1665,2,0,台股（永豐）,
2026-03-20,3081.TWO,BUY,1,1660,2,0,台股（永豐）,
2026-03-19,7722.TW,BUY,3,339.5,1,0,台股（永豐）,
2026-03-18,6223.TWO,BUY,1,3745,5,0,台股（永豐）,
2026-03-18,7734.TWO,BUY,1,1925,2,0,台股（永豐）,
2026-03-17,6223.TWO,BUY,1,3580,5,0,台股（永豐）,
2026-03-17,3081.TWO,BUY,2,1365,3,0,台股（永豐）,
2026-03-17,3081.TWO,BUY,1,1370,1,0,台股（永豐）,
2026-03-17,TSLA,BUY,1,399,0,0,美股（Firstrade）,
2026-03-17,CLS,SELL,1,282.3,0,0,美股（Firstrade）,
2026-03-17,SHY,SELL,1,82.67,0,0,美股（Firstrade）,
2026-03-17,MCD,DIVIDEND,2,1.31,0,1.1,美股（Firstrade）,
2026-03-16,2404.TW,SELL,5,977,6,14,台股（永豐）,
2026-03-16,BTC-USD,BUY,0.00034364,72750.55,0,0,加密貨幣（Binance）,
2026-03-16,ETH-USD,BUY,0.00459242,2177.5,0,0,加密貨幣（Binance）,
2026-03-16,BNB-USD,BUY,0.0074134,674.45,0,0,加密貨幣（Binance）,
2026-03-16,LINK,BUY,0.42070385,9.51,0,0,加密貨幣（Binance）,
2026-03-16,SOL-USD,BUY,0.02701249,92.55,0,0,加密貨幣（Binance）,
2026-03-16,AVAX,BUY,0.25119756,9.95,0,0,加密貨幣（Binance）,
2026-03-16,TAO22974-USD,BUY,0.0035061,285.22,0,0,加密貨幣（Binance）,
2026-03-16,GOOG,DIVIDEND,5,0.146,0,0.32,美股（Firstrade）,
2026-03-12,3081.TWO,BUY,2,1515,4,0,台股（永豐）,
2026-03-12,6443.TW,BUY,45,54.8,3,0,台股（永豐）,
2026-03-12,3081.TWO,BUY,1,1565,2,0,台股（永豐）,
2026-03-11,5371.TWO,SELL,86,81.9,10,21,台股（永豐）,
2026-03-11,0050.TW,BUY,25,78.4,2,0,台股（永豐）,
2026-03-11,6442.TW,BUY,1,1850,1,0,台股（永豐）,
2026-03-10,3665.TW,SELL,3,1545,6,13,台股（永豐）,
2026-03-10,5371.TWO,BUY,40,77.1,4,0,台股（永豐）,
2026-03-10,0050.TW,BUY,25,76,2,0,台股（永豐）,
2026-03-10,2367.TW,SELL,30,61.3,2,5,台股（永豐）,
2026-03-10,6443.TW,BUY,30,48,2,0,台股（永豐）,
2026-03-10,AAPL,BUY,1,262,0,0,美股（Firstrade）,
2026-03-10,SHY,SELL,2,82.76,0,0,美股（Firstrade）,
2026-03-10,SHY,SELL,1,82.77,0,0,美股（Firstrade）,
2026-03-09,8299.TWO,SELL,5,1690,12,25,台股（永豐）,
2026-03-09,7734.TWO,SELL,4,1570,8,18,台股（永豐）,
2026-03-09,6442.TW,BUY,2,1710,4,0,台股（永豐）,
2026-03-09,0050.TW,BUY,40,73,4,0,台股（永豐）,
2026-03-09,6223.TWO,BUY,1,2750,3,0,台股（永豐）,
2026-03-09,3081.TWO,BUY,2,1370,3,0,台股（永豐）,
2026-03-09,6443.TW,BUY,40,48.7,2,0,台股（永豐）,
2026-03-09,AAPL,BUY,1,257,0,0,美股（Firstrade）,
2026-03-09,CLS,SELL,1,252,0,0,美股（Firstrade）,
2026-03-09,BTC-USD,BUY,0.00037568,66546,0,0,加密貨幣（Binance）,
2026-03-09,BNB-USD,BUY,0.00810308,617.05,0,0,加密貨幣（Binance）,
2026-03-09,LINK,BUY,0.46437291,8.61,0,0,加密貨幣（Binance）,
2026-03-09,SOL-USD,BUY,0.03025725,82.62,0,0,加密貨幣（Binance）,
2026-03-09,AVAX,BUY,0.28000461,8.93,0,0,加密貨幣（Binance）,
2026-03-09,ETH-USD,BUY,0.00051246,1951.37,0,0,加密貨幣（Binance）,
2026-03-09,TAO22974-USD,BUY,0.00542432,184.35,0,0,加密貨幣（Binance）,
2026-03-06,3491.TWO,SELL,5,1380,9,20,台股（永豐）,
2026-03-05,2313.TW,SELL,25,211.5,7,15,台股（永豐）,
2026-03-05,3081.TWO,BUY,2,1345,3,0,台股（永豐）,
2026-03-05,NVDA,SELL,1,183.6,0,0,美股（Firstrade）,
2026-03-05,PLTR,BUY,1,154.2,0,0,美股（Firstrade）,
2026-03-05,SHY,DIVIDEND,21,0.15619047619047619,0,1.4,美股（Firstrade）,
2026-03-04,0050.TW,BUY,70,76,7,0,台股（永豐）,
2026-03-04,4958.TW,SELL,20,182.5,5,10,台股（永豐）,
2026-03-04,7734.TWO,BUY,2,1625,4,0,台股（永豐）,
2026-03-04,0050.TW,BUY,40,76.05,4,0,台股（永豐）,
2026-03-04,6196.TW,SELL,10,269,3,8,台股（永豐）,
2026-03-04,3227.TWO,SELL,12,192,3,6,台股（永豐）,
2026-03-04,6285.TW,SELL,10,161,2,4,台股（永豐）,
2026-03-04,3227.TWO,SELL,8,194,2,4,台股（永豐）,
2026-03-04,6443.TW,BUY,30,46.1,1,0,台股（永豐）,
2026-03-03,7734.TWO,BUY,2,1745,4,0,台股（永豐）,
2026-03-02,BTC-USD,BUY,0.00037744,66235.69,0,0,加密貨幣（Binance）,
2026-03-02,3227.TWO,SELL,15,205,4,9,台股（永豐）,
2026-03-02,6443.TW,BUY,30,47.95,2,0,台股（永豐）,
2026-03-02,2404.TW,BUY,1,1085,1,0,台股（永豐）,
2026-03-02,2404.TW,BUY,1,1080,1,0,台股（永豐）,
2026-03-02,,DEPOSIT,1,315.53,0,0,加密貨幣（Binance）,
2026-03-02,ETH-USD,BUY,0.00511314,1955.75,0,0,加密貨幣（Binance）,
2026-03-02,BNB-USD,BUY,0.0080848,618.44,0,0,加密貨幣（Binance）,
2026-03-02,LINK,BUY,0.45732143,8.75,0,0,加密貨幣（Binance）,
2026-03-02,SOL-USD,BUY,0.02963321,84.36,0,0,加密貨幣（Binance）,
2026-03-02,AVAX,BUY,0.27616748,9.05,0,0,加密貨幣（Binance）,
2026-03-02,TAO22974-USD,BUY,0.00559272,178.8,0,0,加密貨幣（Binance）,
2026-02-26,2404.TW,BUY,3,1120,4,0,台股（永豐）,
2026-02-26,3665.TW,BUY,1,1390,1,0,台股（永豐）,
2026-02-26,2313.TW,BUY,5,202,1,0,台股（永豐）,
2026-02-25,6196.TW,BUY,10,293,4,0,台股（永豐）,
2026-02-24,3665.TW,BUY,1,1300,1,0,台股（永豐）,
2026-02-23,7734.TWO,BUY,1,1500,1,0,台股（永豐）,
2026-02-23,,DEPOSIT,1,158.47,0,0,加密貨幣（Binance）,
2026-02-23,BTC-USD,BUY,0.00038209,65429.61,0,0,加密貨幣（Binance）,
2026-02-23,ETH-USD,BUY,0.00534883,1869.57,0,0,加密貨幣（Binance）,
2026-02-23,BNB-USD,BUY,0.00844086,592.36,0,0,加密貨幣（Binance）,
2026-02-23,LINK,BUY,0.4816878,8.3,0,0,加密貨幣（Binance）,
2026-02-23,AVAX,BUY,0.2955602,8.46,0,0,加密貨幣（Binance）,
2026-02-23,SOL-USD,BUY,0.0127965,78.15,0,0,加密貨幣（Binance）,
2026-02-23,TAO22974-USD,BUY,0.00597279,167.43,0,0,加密貨幣（Binance）,
2026-02-19,CLS,SELL,1,285,0,0,美股（Firstrade）,
2026-02-19,AAPL,BUY,1,261,0,0,美股（Firstrade）,
2026-02-19,ASML,DIVIDEND,1,1.62,0,0.29,美股（Firstrade）,
2026-02-18,PLTR,BUY,1,140,0,0,美股（Firstrade）,
2026-02-18,SHY,SELL,1,82.98,0,0,美股（Firstrade）,
2026-02-18,ASML,DIVIDEND,1,1.62,0,0.29,美股（Firstrade）,
2026-02-16,BTC-USD,BUY,0.00036068,69313.52,0,0,加密貨幣（Binance）,
2026-02-16,ETH-USD,BUY,0.00504508,1982.13,0,0,加密貨幣（Binance）,
2026-02-16,BNB-USD,BUY,0.00807461,619.22,0,0,加密貨幣（Binance）,
2026-02-16,LINK,BUY,0.45390076,8.81,0,0,加密貨幣（Binance）,
2026-02-16,AVAX,BUY,0.26754801,9.34,0,0,加密貨幣（Binance）,
2026-02-16,SOL-USD,BUY,0.02885314,86.65,0,0,加密貨幣（Binance）,
2026-02-16,TAO22974-USD,BUY,0.0053745,186.06,0,0,加密貨幣（Binance）,
2026-02-13,IGV,SELL,2,83,0,0,美股（Firstrade）,
2026-02-13,PLTR,BUY,1,132.42,0,0,美股（Firstrade）,
2026-02-13,COST,DIVIDEND,1,0.91,0,0.39,美股（Firstrade）,
2026-02-12,NET,BUY,1,198,0,0,美股（Firstrade）,
2026-02-12,SHY,SELL,2,82.88,0,0,美股（Firstrade）,
2026-02-12,AAPL,DIVIDEND,4,0.1825,0,0.31,美股（Firstrade）,
2026-02-11,6488.TWO,SELL,10,448,6,13,台股（永豐）,
2026-02-11,3665.TW,BUY,1,1385,1,0,台股（永豐）,
2026-02-11,NET,BUY,1,199,0,0,美股（Firstrade）,
2026-02-10,8299.TWO,SELL,5,1815,12,27,台股（永豐）,
2026-02-10,4958.TW,SELL,20,180,5,10,台股（永豐）,
2026-02-10,6488.TWO,SELL,5,478.5,3,7,台股（永豐）,
2026-02-10,3491.TWO,BUY,1,1300,1,0,台股（永豐）,
2026-02-10,6285.TW,BUY,5,181.5,1,0,台股（永豐）,
2026-02-10,MU,SELL,1,374,0,0,美股（Firstrade）,
2026-02-10,NET,BUY,1,183,0,0,美股（Firstrade）,
2026-02-09,7734.TWO,BUY,1,1420,2,0,台股（永豐）,
2026-02-09,3227.TWO,SELL,7,186.5,1,3,台股（永豐）,
2026-02-09,3491.TWO,BUY,1,1265,1,0,台股（永豐）,
2026-02-09,2367.TW,BUY,20,55.3,1,0,台股（永豐）,
2026-02-09,2313.TW,BUY,5,178.5,1,0,台股（永豐）,
2026-02-09,6285.TW,BUY,5,170,1,0,台股（永豐）,
2026-02-09,2367.TW,BUY,10,55,1,0,台股（永豐）,
2026-02-09,PLTR,BUY,1,143,0,0,美股（Firstrade）,
2026-02-09,SHY,SELL,1,82.88,0,0,美股（Firstrade）,
2026-02-09,BTC-USD,BUY,0.00035304,70813.51,0,0,加密貨幣（Binance）,
2026-02-09,ETH-USD,BUY,0.00477651,2093.58,0,0,加密貨幣（Binance）,
2026-02-09,BNB-USD,BUY,0.0077731,643.24,0,0,加密貨幣（Binance）,
2026-02-09,LINK,BUY,0.45102762,8.87,0,0,加密貨幣（Binance）,
2026-02-09,SOL-USD,BUY,0.0286224,87.34,0,0,加密貨幣（Binance）,
2026-02-09,AVAX,BUY,0.27402672,9.12,0,0,加密貨幣（Binance）,
2026-02-09,TAO22974-USD,BUY,0.00610427,163.82,0,0,加密貨幣（Binance）,
2026-02-06,8299.TWO,SELL,6,1905,16,34,台股（永豐）,
2026-02-06,6285.TW,SELL,25,171.5,6,12,台股（永豐）,
2026-02-06,6488.TWO,SELL,7,464,4,9,台股（永豐）,
2026-02-06,3227.TWO,SELL,8,187,2,4,台股（永豐）,
2026-02-06,7734.TWO,BUY,1,1330,1,0,台股（永豐）,
2026-02-06,BTC-USD,BUY,0.00038408,65090.61,0,0,加密貨幣（Binance）,
2026-02-06,ETH-USD,BUY,0.00523358,1910.74,0,0,加密貨幣（Binance）,
2026-02-06,BNB-USD,BUY,0.0080327,622.46,0,0,加密貨幣（Binance）,
2026-02-06,LINK,BUY,0.49311917,8.11,0,0,加密貨幣（Binance）,
2026-02-06,AVAX,BUY,0.29939053,8.35,0,0,加密貨幣（Binance）,
2026-02-06,SOL-USD,BUY,0.03234246,77.3,0,0,加密貨幣（Binance）,
2026-02-06,TAO22974-USD,BUY,0.00614172,162.82,0,0,加密貨幣（Binance）,
2026-02-05,6488.TWO,SELL,8,465,5,11,台股（永豐）,
2026-02-05,7734.TWO,BUY,1,1285,1,0,台股（永豐）,
2026-02-05,SHY,DIVIDEND,27,0.1748148148148148,0,2.03,美股（Firstrade）,
2026-02-04,3491.TWO,BUY,1,1370,1,0,台股（永豐）,
2026-02-04,7734.TWO,BUY,1,1325,1,0,台股（永豐）,
2026-02-04,7734.TWO,BUY,1,1320,1,0,台股（永豐）,
2026-02-04,6285.TW,BUY,5,202,1,0,台股（永豐）,
2026-02-04,2313.TW,BUY,5,190,1,0,台股（永豐）,
2026-02-03,3491.TWO,BUY,1,1245,1,0,台股（永豐）,
2026-02-03,6285.TW,BUY,5,196,1,0,台股（永豐）,
2026-02-03,,DEPOSIT,1,157.32,0,0,加密貨幣（Binance）,
2026-02-03,IGV,SELL,1,85.5,0,0,美股（Firstrade）,
2026-02-02,6488.TWO,SELL,5,475,3,7,台股（永豐）,
2026-02-02,8299.TWO,BUY,1,2145,3,0,台股（永豐）,
2026-02-02,6739.TWO,SELL,2,903,2,5,台股（永豐）,
2026-02-02,7734.TWO,BUY,1,1180,1,0,台股（永豐）,
2026-02-02,SHY,SELL,2,82.71,0,0,美股（Firstrade）,
2026-02-02,PI,BUY,1,148.9,0,0,美股（Firstrade）,
2026-02-02,BTC-USD,BUY,0.00025667,77921.07,0,0,加密貨幣（Binance）,
2026-02-02,ETH-USD,BUY,0.00347805,2300.14,0,0,加密貨幣（Binance）,
2026-02-02,BNB-USD,BUY,0.00521861,766.49,0,0,加密貨幣（Binance）,
2026-02-02,LINK,BUY,0.33486817,9.56,0,0,加密貨幣（Binance）,
2026-02-02,AVAX,BUY,0.19921012,10.04,0,0,加密貨幣（Binance）,
2026-02-02,SOL-USD,BUY,0.01946309,102.76,0,0,加密貨幣（Binance）,
2026-02-02,TAO22974-USD,BUY,0.00414297,193.1,0,0,加密貨幣（Binance）,
2026-01-30,6488.TWO,SELL,5,493,3,7,台股（永豐）,
2026-01-30,2454.TW,DIVIDEND,19,28.473684210526315,10,0,台股（永豐）,
2026-01-30,6488.TWO,DIVIDEND,20,1.5,10,0,台股（永豐）,
2026-01-29,6488.TWO,SELL,5,497,3,7,台股（永豐）,
2026-01-29,6488.TWO,SELL,5,492,3,7,台股（永豐）,
2026-01-28,2480.TW,SELL,35,140,6,14,台股（永豐）,
2026-01-28,2313.TW,BUY,5,172,1,0,台股（永豐）,
2026-01-27,2481.TW,SELL,60,89.2,7,16,台股（永豐）,
2026-01-27,4958.TW,SELL,10,167.5,2,5,台股（永豐）,
2026-01-27,6285.TW,BUY,10,158,2,0,台股（永豐）,
2026-01-27,3665.TW,BUY,1,1435,2,0,台股（永豐）,
2026-01-27,3491.TWO,BUY,1,1110,1,0,台股（永豐）,
2026-01-27,7734.TWO,BUY,1,1070,1,0,台股（永豐）,
2026-01-27,2313.TW,BUY,5,172.5,1,0,台股（永豐）,
2026-01-26,4958.TW,SELL,10,166,2,4,台股（永豐）,
2026-01-26,6285.TW,BUY,5,168,1,0,台股（永豐）,
2026-01-26,BTC-USD,BUY,0.00017152,87453.36,0,0,加密貨幣（Binance）,
2026-01-26,ETH-USD,BUY,0.00210692,2847.76,0,0,加密貨幣（Binance）,
2026-01-26,BNB-USD,BUY,0.00344952,869.69,0,0,加密貨幣（Binance）,
2026-01-26,LINK,BUY,0.20486991,11.71,0,0,加密貨幣（Binance）,
2026-01-26,AVAX,BUY,0.12931241,11.6,0,0,加密貨幣（Binance）,
2026-01-26,SOL-USD,BUY,0.01244635,120.52,0,0,加密貨幣（Binance）,
2026-01-26,TAO22974-USD,BUY,0.00263674,227.55,0,0,加密貨幣（Binance）,
2026-01-23,2481.TW,SELL,60,92.4,7,16,台股（永豐）,
2026-01-22,2357.TW,SELL,9,510,6,13,台股（永豐）,
2026-01-21,6488.TWO,SELL,8,497.5,5,11,台股（永豐）,
2026-01-21,4958.TW,SELL,20,160.5,4,9,台股（永豐）,
2026-01-20,2480.TW,SELL,35,141,7,15,台股（永豐）,
2026-01-20,SHY,SELL,2,82.81,0,0,美股（Firstrade）,
2026-01-20,PI,BUY,1,156.6,0,0,美股（Firstrade）,
2026-01-19,BTC-USD,BUY,0.00016064,93376.49,0,0,加密貨幣（Binance）,
2026-01-19,ETH-USD,BUY,0.00185509,3234.34,0,0,加密貨幣（Binance）,
2026-01-19,SOL-USD,BUY,0.02227546,134.68,0,0,加密貨幣（Binance）,
2026-01-19,LINK,BUY,0.18621382,12.89,0,0,加密貨幣（Binance）,
2026-01-19,AVAX,BUY,0.11903197,12.6,0,0,加密貨幣（Binance）,
2026-01-19,BNB-USD,BUY,0.0016281,921.32,0,0,加密貨幣（Binance）,
2026-01-19,TAO22974-USD,BUY,0.00238149,251.94,0,0,加密貨幣（Binance）,
2026-01-16,5371.TWO,SELL,25,91.2,3,6,台股（永豐）,
2026-01-16,4958.TW,BUY,10,175,2,0,台股（永豐）,
2026-01-16,6488.TWO,BUY,2,481.5,1,0,台股（永豐）,
2026-01-15,5371.TWO,SELL,25,91.1,3,6,台股（永豐）,
2026-01-15,4958.TW,BUY,10,168,2,0,台股（永豐）,
2026-01-15,6488.TWO,BUY,2,491,1,0,台股（永豐）,
2026-01-15,SHY,BUY,2,82.83,0,0,美股（Firstrade）,
2026-01-14,6488.TWO,BUY,2,504,1,0,台股（永豐）,
2026-01-14,6488.TWO,BUY,2,500,1,0,台股（永豐）,
2026-01-13,8299.TWO,DIVIDEND,30,5.9,10,0,台股（永豐）,
2026-01-13,,DEPOSIT,1,94.43,0,0,加密貨幣（Binance）,
2026-01-12,8299.TWO,SELL,5,1685,12,25,台股（永豐）,
2026-01-12,5371.TWO,SELL,40,89.1,5,10,台股（永豐）,
2026-01-12,6488.TWO,BUY,5,457.5,3,0,台股（永豐）,
2026-01-12,6510.TWO,SELL,1,2175,3,6,台股（永豐）,
2026-01-12,7734.TWO,BUY,1,999,1,0,台股（永豐）,
2026-01-12,CLS,SELL,1,305,0,0,美股（Firstrade）,
2026-01-12,NET,BUY,1,182,0,0,美股（Firstrade）,
2026-01-09,2308.TW,SELL,10,1005,14,30,台股（永豐）,
2026-01-08,3665.TW,BUY,1,1440,1,0,台股（永豐）,
2026-01-08,2330.TW,DIVIDEND,36,4.722222222222222,10,0,台股（永豐）,
2026-01-07,3653.TW,BUY,1,2500,3,0,台股（永豐）,
2026-01-07,6488.TWO,BUY,5,458,3,0,台股（永豐）,
2026-01-07,7734.TWO,BUY,1,998,1,0,台股（永豐）,
2026-01-06,6488.TWO,BUY,5,429.5,3,0,台股（永豐）,
2026-01-06,7734.TWO,BUY,1,998,1,0,台股（永豐）,
2026-01-06,7734.TWO,BUY,1,997,1,0,台股（永豐）,
2026-01-06,7734.TWO,BUY,1,994,1,0,台股（永豐）,
2026-01-06,2404.TW,SELL,1,992,1,2,台股（永豐）,
2026-01-06,IGV,SELL,2,103.91,0,0,美股（Firstrade）,
2026-01-06,NET,BUY,1,192.5,0,0,美股（Firstrade）,
2026-01-05,3227.TWO,SELL,30,206.5,6,18,台股（永豐）,
2026-01-05,6488.TWO,BUY,10,414.5,4,0,台股（永豐）,
2026-01-05,3653.TW,BUY,1,2570,3,0,台股（永豐）,
2026-01-05,7734.TWO,BUY,2,1010,2,0,台股（永豐）,
2026-01-05,XLV,SELL,3,154.2,0,0,美股（Firstrade）,
2026-01-05,SHY,BUY,4,82.89,0,0,美股（Firstrade）,
2026-01-05,PI,BUY,1,179.8,0,0,美股（Firstrade）,
2026-01-05,BTC-USD,BUY,0.00016152,92867.76,0,0,加密貨幣（Binance）,
2026-01-05,ETH-USD,BUY,0.00188289,3186.59,0,0,加密貨幣（Binance）,
2026-01-05,SOL-USD,BUY,0.02192777,136.81,0,0,加密貨幣（Binance）,
2026-01-05,LINK,BUY,0.17602293,13.63,0,0,加密貨幣（Binance）,
2026-01-05,BNB-USD,BUY,0.00165785,904.79,0,0,加密貨幣（Binance）,
2026-01-05,AVAX,BUY,0.10436094,14.37,0,0,加密貨幣（Binance）,
2026-01-05,TAO22974-USD,BUY,0.00222386,269.8,0,0,加密貨幣（Binance）,
2026-01-02,2357.TW,SELL,15,562,12,25,台股（永豐）,
2025-12-31,0050.TW,SELL,160,65.35,15,10,台股（永豐）,
2025-12-31,00631L.TW,SELL,10,361,5,4,台股（永豐）,
2025-12-31,6488.TWO,BUY,5,419.5,3,0,台股（永豐）,
2025-12-31,3665.TW,BUY,1,1535,2,0,台股（永豐）,
2025-12-31,XLV,DIVIDEND,3,0.45999999999999996,0,0.59,美股（Firstrade）,
2025-12-29,6488.TWO,BUY,5,406.5,2,0,台股（永豐）,
2025-12-29,BTC-USD,BUY,0.00016945,88521.69,0,0,加密貨幣（Binance）,
2025-12-29,ETH-USD,BUY,0.0020075,2988.79,0,0,加密貨幣（Binance）,
2025-12-29,SOL-USD,BUY,0.02347509,127.8,0,0,加密貨幣（Binance）,
2025-12-29,LINK,BUY,0.1895477,12.66,0,0,加密貨幣（Binance）,
2025-12-29,AVAX,BUY,0.11688584,12.83,0,0,加密貨幣（Binance）,
2025-12-29,BNB-USD,BUY,0.00173016,866.97,0,0,加密貨幣（Binance）,
2025-12-29,TAO22974-USD,BUY,0.00265206,226.24,0,0,加密貨幣（Binance）,
2025-12-26,6139.TW,SELL,2,562,1,3,台股（永豐）,
2025-12-24,SHY,DIVIDEND,23,0.1782608695652174,0,1.76,美股（Firstrade）,
2025-12-24,NVDA,DIVIDEND,3,0.006666666666666667,0,0.01,美股（Firstrade）,
2025-12-23,8033.TW,BUY,15,150,3,0,台股（永豐）,
2025-12-22,BTC-USD,BUY,0.00016831,89121.26,0,0,加密貨幣（Binance）,
2025-12-22,ETH-USD,BUY,0.00197064,3044.7,0,0,加密貨幣（Binance）,
2025-12-22,SOL-USD,BUY,0.02351714,127.57,0,0,加密貨幣（Binance）,
2025-12-22,LINK,BUY,0.19055249,12.59,0,0,加密貨幣（Binance）,
2025-12-22,BNB-USD,BUY,0.00173261,865.75,0,0,加密貨幣（Binance）,
2025-12-22,AVAX,BUY,0.12206236,12.29,0,0,加密貨幣（Binance）,
2025-12-22,TAO22974-USD,BUY,0.00267451,224.34,0,0,加密貨幣（Binance）,
2025-12-19,6442.TW,BUY,1,1200,1,0,台股（永豐）,
2025-12-19,6442.TW,BUY,1,1190,1,0,台股（永豐）,
2025-12-18,00631L.TW,BUY,10,327.65,4,0,台股（永豐）,
2025-12-18,6442.TW,BUY,1,1125,1,0,台股（永豐）,
2025-12-17,8033.TW,BUY,15,139.5,2,0,台股（永豐）,
2025-12-17,6488.TWO,BUY,5,392,2,0,台股（永豐）,
2025-12-17,6442.TW,BUY,1,1260,1,0,台股（永豐）,
2025-12-15,3653.TW,BUY,1,2900,4,0,台股（永豐）,
2025-12-15,6510.TWO,BUY,1,2330,3,0,台股（永豐）,
2025-12-15,6139.TW,BUY,2,592,1,0,台股（永豐）,
2025-12-15,3037.TW,BUY,5,221.5,1,0,台股（永豐）,
2025-12-15,2404.TW,BUY,1,940,1,0,台股（永豐）,
2025-12-15,CLS,BUY,1,301,0,0,美股（Firstrade）,
2025-12-15,NVDA,BUY,1,177.2,0,0,美股（Firstrade）,
2025-12-15,BTC-USD,BUY,0.00016846,89041.91,0,0,加密貨幣（Binance）,
2025-12-15,ETH-USD,BUY,0.0019398,3093.1,0,0,加密貨幣（Binance）,
2025-12-15,SOL-USD,BUY,0.02286487,131.21,0,0,加密貨幣（Binance）,
2025-12-15,MCD,DIVIDEND,2,1.3,0,1.12,美股（Firstrade）,
2025-12-15,LINK,BUY,0.17865395,13.43,0,0,加密貨幣（Binance）,
2025-12-15,BNB-USD,BUY,0.00169442,885.26,0,0,加密貨幣（Binance）,
2025-12-15,AVAX,BUY,0.11548361,12.99,0,0,加密貨幣（Binance）,
2025-12-15,GOOG,DIVIDEND,5,0.146,0,0.32,美股（Firstrade）,
2025-12-15,TAO22974-USD,BUY,0.00211578,283.58,0,0,加密貨幣（Binance）,
2025-12-12,8033.TW,BUY,13,138.5,2,0,台股（永豐）,
2025-12-12,6739.TWO,BUY,2,815,2,0,台股（永豐）,
2025-12-12,7722.TW,BUY,2,583,1,0,台股（永豐）,
2025-12-11,6488.TWO,BUY,2,387,1,0,台股（永豐）,
2025-12-11,CFLT,SELL,16,30.02,0,0,美股（Firstrade）,
2025-12-11,,DEPOSIT,1,95.87,0,0,加密貨幣（Binance）,
2025-12-10,CVX,DIVIDEND,3,1.1966666666666665,0,1.54,美股（Firstrade）,
2025-12-09,3037.TW,BUY,10,230,3,0,台股（永豐）,
2025-12-09,4958.TW,BUY,10,149,2,0,台股（永豐）,
2025-12-09,5371.TWO,BUY,15,93.7,2,0,台股（永豐）,
2025-12-09,6488.TWO,BUY,3,384.5,1,0,台股（永豐）,
2025-12-08,3037.TW,BUY,5,219,1,0,台股（永豐）,
2025-12-08,AMZN,SELL,1,230,0,0,美股（Firstrade）,
2025-12-08,NVDA,BUY,1,184.95,0,0,美股（Firstrade）,
2025-12-08,BTC-USD,BUY,0.00019542,92109.3,0,0,加密貨幣（Binance）,
2025-12-08,ETH-USD,BUY,0.00190425,3150.85,0,0,加密貨幣（Binance）,
2025-12-08,SOL-USD,BUY,0.01114325,134.61,0,0,加密貨幣（Binance）,
2025-12-08,LINK,BUY,0.06399167,14.06,0,0,加密貨幣（Binance）,
2025-12-08,XRP-USD,BUY,0.42814728,2.1,0,0,加密貨幣（Binance）,
2025-12-08,ADA-USD,BUY,2.10529438,0.43,0,0,加密貨幣（Binance）,
2025-12-08,TAO22974-USD,BUY,0.00312672,287.84,0,0,加密貨幣（Binance）,
2025-12-08,AVAX,BUY,0.06565178,13.71,0,0,加密貨幣（Binance）,
2025-12-04,8299.TWO,SELL,12,1035,17,37,台股（永豐）,
2025-12-04,6488.TWO,BUY,2,392,1,0,台股（永豐）,
2025-12-04,NVDA,BUY,1,180.1,0,0,美股（Firstrade）,
2025-12-04,SHY,DIVIDEND,24,0.17416666666666666,0,1.79,美股（Firstrade）,
2025-12-03,SHY,SELL,1,82.85,0,0,美股（Firstrade）,
2025-12-02,8033.TW,BUY,7,142.5,1,0,台股（永豐）,
2025-12-01,4958.TW,BUY,15,149,3,0,台股（永豐）,
2025-12-01,3037.TW,BUY,10,197,2,0,台股（永豐）,
2025-12-01,6442.TW,BUY,1,1210,1,0,台股（永豐）,
2025-12-01,6442.TW,BUY,1,1205,1,0,台股（永豐）,
2025-12-01,6442.TW,BUY,1,1200,1,0,台股（永豐）,
2025-12-01,3037.TW,BUY,5,197.5,1,0,台股（永豐）,
2025-12-01,BTC-USD,BUY,0.00020435,88084.17,0,0,加密貨幣（Binance）,
2025-12-01,ETH-USD,BUY,0.00209018,2870.57,0,0,加密貨幣（Binance）,
2025-12-01,SOL-USD,BUY,0.01165793,128.67,0,0,加密貨幣（Binance）,
2025-12-01,LINK,BUY,0.07271915,12.38,0,0,加密貨幣（Binance）,
2025-12-01,ADA-USD,BUY,2.29481641,0.39,0,0,加密貨幣（Binance）,
2025-12-01,XRP-USD,BUY,0.43028861,2.09,0,0,加密貨幣（Binance）,
2025-12-01,AVAX,BUY,0.06858472,13.12,0,0,加密貨幣（Binance）,
2025-12-01,TAO22974-USD,BUY,0.00328928,273.62,0,0,加密貨幣（Binance）,
2025-11-28,4958.TW,BUY,35,144.5,7,0,台股（永豐）,
2025-11-28,8033.TW,BUY,10,140,1,0,台股（永豐）,
2025-11-28,3037.TW,BUY,5,186,1,0,台股（永豐）,
2025-11-28,NVDA,BUY,1,177,0,0,美股（Firstrade）,
2025-11-28,CVX,SELL,1,151.5,0,0,美股（Firstrade）,
2025-11-27,8299.TWO,BUY,1,1060,1,0,台股（永豐）,
2025-11-27,3227.TWO,BUY,5,209.5,1,0,台股（永豐）,
2025-11-27,5371.TWO,BUY,10,96.5,1,0,台股（永豐）,
2025-11-27,CVX,SELL,1,150,0,0,美股（Firstrade）,
2025-11-26,3665.TW,BUY,1,1495,2,0,台股（永豐）,
2025-11-26,6488.TWO,BUY,3,390.5,1,0,台股（永豐）,
2025-11-26,8299.TWO,BUY,1,1025,1,0,台股（永豐）,
2025-11-26,8299.TWO,BUY,1,1010,1,0,台股（永豐）,
2025-11-26,NVDA,BUY,1,180,0,0,美股（Firstrade）,
2025-11-25,8033.TW,BUY,20,130,3,0,台股（永豐）,
2025-11-25,3037.TW,BUY,15,168.5,3,0,台股（永豐）,
2025-11-25,2480.TW,BUY,14,148.5,2,0,台股（永豐）,
2025-11-25,3665.TW,BUY,1,1550,2,0,台股（永豐）,
2025-11-25,3665.TW,BUY,1,1485,2,0,台股（永豐）,
2025-11-25,NVDA,BUY,1,175.7,0,0,美股（Firstrade）,
2025-11-25,CVX,SELL,1,148.55,0,0,美股（Firstrade）,
2025-11-25,IGV,BUY,1,101.53,0,0,美股（Firstrade）,
2025-11-24,0050.TW,BUY,40,59.75,3,0,台股（永豐）,
2025-11-24,0050.TW,BUY,40,59.7,3,0,台股（永豐）,
2025-11-24,5371.TWO,BUY,25,85.6,3,0,台股（永豐）,
2025-11-24,SHY,SELL,2,83.02,0,0,美股（Firstrade）,
2025-11-24,BTC-USD,BUY,0.00041229,87317.18,0,0,加密貨幣（Binance）,
2025-11-24,ETH-USD,BUY,0.00427725,2805.54,0,0,加密貨幣（Binance）,
2025-11-24,SOL-USD,BUY,0.02279712,131.6,0,0,加密貨幣（Binance）,
2025-11-24,ADA-USD,BUY,4.39576728,0.41,0,0,加密貨幣（Binance）,
2025-11-24,LINK,BUY,0.14399654,12.5,0,0,加密貨幣（Binance）,
2025-11-24,AVAX,BUY,0.13585802,13.25,0,0,加密貨幣（Binance）,
2025-11-24,XRP-USD,BUY,0.87648286,2.05,0,0,加密貨幣（Binance）,
2025-11-24,TAO22974-USD,BUY,0.00613404,293.44,0,0,加密貨幣（Binance）,
2025-11-21,8033.TW,BUY,20,113,3,0,台股（永豐）,
2025-11-21,2308.TW,BUY,2,906,2,0,台股（永豐）,
2025-11-21,2383.TW,BUY,1,1335,1,0,台股（永豐）,
2025-11-21,2383.TW,BUY,1,1330,1,0,台股（永豐）,
2025-11-21,0050.TW,BUY,20,60,1,0,台股（永豐）,
2025-11-21,0050.TW,BUY,20,59.9,1,0,台股（永豐）,
2025-11-21,CLS,BUY,1,272,0,0,美股（Firstrade）,
2025-11-21,AMZN,SELL,1,217,0,0,美股（Firstrade）,
2025-11-21,MU,BUY,1,202.5,0,0,美股（Firstrade）,
2025-11-21,SHY,SELL,2,83,0,0,美股（Firstrade）,
2025-11-21,IGV,SELL,1,99.5,0,0,美股（Firstrade）,
2025-11-21,SHY,SELL,1,82.99,0,0,美股（Firstrade）,
2025-11-19,2454.TW,BUY,2,1185,3,0,台股（永豐）,
2025-11-19,2357.TW,BUY,4,570,3,0,台股（永豐）,
2025-11-19,0050.TW,BUY,20,60.3,1,0,台股（永豐）,
2025-11-19,0050.TW,BUY,20,60.2,1,0,台股（永豐）,
2025-11-17,6411.TWO,SELL,110,82,12,27,台股（永豐）,
2025-11-17,5434.TW,SELL,15,308,6,13,台股（永豐）,
2025-11-17,IGV,SELL,3,106.5,0,0,美股（Firstrade）,
2025-11-17,CLS,BUY,1,317.5,0,0,美股（Firstrade）,
2025-11-17,BTC-USD,BUY,0.00018819,95648.02,0,0,加密貨幣（Binance）,
2025-11-17,ETH-USD,BUY,0.00191361,3135.44,0,0,加密貨幣（Binance）,
2025-11-17,SOL-USD,BUY,0.01077082,139.27,0,0,加密貨幣（Binance）,
2025-11-17,TAO22974-USD,BUY,0.00276058,340.51,0,0,加密貨幣（Binance）,
2025-11-17,LINK,BUY,0.06487113,13.87,0,0,加密貨幣（Binance）,
2025-11-17,AVAX,BUY,0.05888426,15.28,0,0,加密貨幣（Binance）,
2025-11-17,XRP-USD,BUY,0.40065686,2.25,0,0,加密貨幣（Binance）,
2025-11-17,ADA-USD,BUY,1.82909229,0.49,0,0,加密貨幣（Binance）,
2025-11-16,6940.TWO,SELL,1000,30.95,44,92,台股（永豐）,
2025-11-16,6739.TWO,SELL,13,694,12,27,台股（永豐）,
2025-11-12,GOOG,BUY,1,289,0,0,美股（Firstrade）,
2025-11-11,6940.TWO,BUY,1000,33,47,0,台股（永豐）,
2025-11-11,5434.TW,SELL,33,321,15,31,台股（永豐）,
2025-11-11,2481.TW,BUY,60,83,7,0,台股（永豐）,
2025-11-10,5371.TWO,BUY,18,89,2,0,台股（永豐）,
2025-11-10,BTC-USD,BUY,0.00016804,107117.35,0,0,加密貨幣（Binance）,
2025-11-10,ETH-USD,BUY,0.00163259,3675.14,0,0,加密貨幣（Binance）,
2025-11-10,SOL-USD,BUY,0.00889685,168.6,0,0,加密貨幣（Binance）,
2025-11-10,XRP-USD,BUY,0.37222977,2.42,0,0,加密貨幣（Binance）,
2025-11-10,AVAX,BUY,0.04979216,18.08,0,0,加密貨幣（Binance）,
2025-11-10,TAO22974-USD,BUY,0.00230821,389.91,0,0,加密貨幣（Binance）,
2025-11-10,LINK,BUY,0.05534077,16.26,0,0,加密貨幣（Binance）,
2025-11-10,ADA-USD,BUY,1.52513473,0.59,0,0,加密貨幣（Binance）,
2025-11-07,6741.TWO,SELL,85,71,8,18,台股（永豐）,
2025-11-07,2481.TW,SELL,50,78.6,5,11,台股（永豐）,
2025-11-07,IGV,SELL,2,108,0,0,美股（Firstrade）,
2025-11-07,SHY,DIVIDEND,29,0.18379310344827587,0,2.29,美股（Firstrade）,
2025-11-07,ASML,DIVIDEND,1,1.61,0,0.28,美股（Firstrade）,
2025-11-06,6739.TWO,BUY,13,770,14,0,台股（永豐）,
2025-11-06,6411.TWO,BUY,110,87.5,14,0,台股（永豐）,
2025-11-06,6690.TWO,SELL,55,176,14,29,台股（永豐）,
2025-11-06,6488.TWO,SELL,15,411.5,9,19,台股（永豐）,
2025-11-06,2481.TW,BUY,60,80.3,7,0,台股（永豐）,
2025-11-06,6741.TWO,SELL,50,70.5,5,11,台股（永豐）,
2025-11-06,6741.TWO,SELL,26,71.1,3,6,台股（永豐）,
2025-11-06,6741.TWO,SELL,15,71.4,2,3,台股（永豐）,
2025-11-04,2383.TW,BUY,2,1475,4,0,台股（永豐）,
2025-11-04,2383.TW,BUY,2,1470,4,0,台股（永豐）,
2025-11-03,5371.TWO,BUY,22,93,2,0,台股（永豐）,
2025-11-03,BTC-USD,BUY,0.00016587,108518.72,0,0,加密貨幣（Binance）,
2025-11-03,ETH-USD,BUY,0.0015965,3758.22,0,0,加密貨幣（Binance）,
2025-11-03,SOL-USD,BUY,0.00835606,179.51,0,0,加密貨幣（Binance）,
2025-11-03,XRP-USD,BUY,0.36520688,2.46,0,0,加密貨幣（Binance）,
2025-11-03,TAO22974-USD,BUY,0.00187666,479.58,0,0,加密貨幣（Binance）,
2025-11-03,AVAX,BUY,0.05066059,17.77,0,0,加密貨幣（Binance）,
2025-11-03,ADA-USD,BUY,1.54436208,0.58,0,0,加密貨幣（Binance）,
2025-11-03,LINK,BUY,0.05440365,16.54,0,0,加密貨幣（Binance）,
2025-10-31,2383.TW,BUY,2,1365,3,0,台股（永豐）,
2025-10-30,CLS,BUY,1,337.77,0,0,美股（Firstrade）,
2025-10-30,FLEX,SELL,4,64.4,0,0,美股（Firstrade）,
2025-10-30,OXY,SELL,4,41,0,0,美股（Firstrade）,
2025-10-30,XLV,BUY,1,145,0,0,美股（Firstrade）,
2025-10-29,3443.TW,SELL,8,1475,16,35,台股（永豐）,
2025-10-29,6488.TWO,BUY,5,519,3,0,台股（永豐）,
2025-10-29,3227.TWO,BUY,10,238,3,0,台股（永豐）,
2025-10-28,6442.TW,BUY,5,934,6,0,台股（永豐）,
2025-10-27,3665.TW,BUY,1,1370,1,0,台股（永豐）,
2025-10-27,BTC-USD,BUY,0.00023305,111564.04,0,0,加密貨幣（Binance）,
2025-10-27,ETH-USD,BUY,0.00147069,4079.72,0,0,加密貨幣（Binance）,
2025-10-27,LINK,BUY,0.10655165,18.77,0,0,加密貨幣（Binance）,
2025-10-27,SOL-USD,BUY,0.01028989,194.37,0,0,加密貨幣（Binance）,
2025-10-27,AVAX,BUY,0.09529145,20.99,0,0,加密貨幣（Binance）,
2025-10-27,ADA-USD,BUY,1.77779769,0.67,0,0,加密貨幣（Binance）,
2025-10-27,XRP-USD,BUY,0.32291851,2.48,0,0,加密貨幣（Binance）,
2025-10-24,CLS,BUY,1,297.5,0,0,美股（Firstrade）,
2025-10-23,6488.TWO,BUY,10,536,7,0,台股（永豐）,
2025-10-23,XLV,BUY,1,145,0,0,美股（Firstrade）,
2025-10-23,FLEX,BUY,1,63.8,0,0,美股（Firstrade）,
2025-10-22,6739.TWO,SELL,11,781,12,25,台股（永豐）,
2025-10-22,2481.TW,BUY,50,98.7,7,0,台股（永豐）,
2025-10-22,XLV,SELL,1,145.27,0,0,美股（Firstrade）,
2025-10-22,OXY,SELL,3,41.7,0,0,美股（Firstrade）,
2025-10-21,3227.TWO,BUY,15,244,5,0,台股（永豐）,
2025-10-21,3227.TWO,BUY,10,243.5,3,0,台股（永豐）,
2025-10-21,8299.TWO,BUY,1,868,1,0,台股（永豐）,
2025-10-21,AMZN,SELL,2,215,0,0,美股（Firstrade）,
2025-10-21,AMZN,BUY,1,214.74,0,0,美股（Firstrade）,
2025-10-21,MU,BUY,1,208,0,0,美股（Firstrade）,
2025-10-20,6442.TW,BUY,11,870,13,0,台股（永豐）,
2025-10-20,6770.TW,SELL,240,29.8,10,21,台股（永豐）,
2025-10-20,,DEPOSIT,1,329,0,0,加密貨幣（Binance）,
2025-10-20,BTC-USD,BUY,0.00023305,111564.04,0,0,加密貨幣（Binance）,
2025-10-20,ETH-USD,BUY,0.00147069,4079.72,0,0,加密貨幣（Binance）,
2025-10-20,AVAX,BUY,0.09529145,20.99,0,0,加密貨幣（Binance）,
2025-10-20,LINK,BUY,0.10655165,18.77,0,0,加密貨幣（Binance）,
2025-10-20,SOL-USD,BUY,0.01028989,194.37,0,0,加密貨幣（Binance）,
2025-10-20,ADA-USD,BUY,1.77779796,0.67,0,0,加密貨幣（Binance）,
2025-10-20,XRP-USD,BUY,0.32291851,2.48,0,0,加密貨幣（Binance）,
2025-10-17,5371.TWO,BUY,24,106,3,0,台股（永豐）,
2025-10-17,3227.TWO,BUY,10,236,3,0,台股（永豐）,
2025-10-17,VOO,SELL,1,614,0,0,美股（Firstrade）,
2025-10-17,CLS,BUY,1,284.5,0,0,美股（Firstrade）,
2025-10-17,FLEX,BUY,3,64,0,0,美股（Firstrade）,
2025-10-17,NVDA,SELL,1,182.5,0,0,美股（Firstrade）,
2025-10-16,3653.TW,BUY,1,2350,3,0,台股（永豐）,
2025-10-14,3665.TW,BUY,2,1200,3,0,台股（永豐）,
2025-10-14,3665.TW,BUY,2,1185,3,0,台股（永豐）,
2025-10-13,2408.TW,SELL,185,93.7,24,52,台股（永豐）,
2025-10-13,6789.TW,SELL,41,256.5,14,31,台股（永豐）,
2025-10-13,6739.TWO,BUY,11,895,14,0,台股（永豐）,
2025-10-13,6456.TW,SELL,176,55.5,13,29,台股（永豐）,
2025-10-13,3406.TW,SELL,23,411.5,13,28,台股（永豐）,
2025-10-13,2308.TW,BUY,9,1005,12,0,台股（永豐）,
2025-10-13,3563.TW,SELL,18,502,12,27,台股（永豐）,
2025-10-13,2357.TW,BUY,4,692,3,0,台股（永豐）,
2025-10-13,3665.TW,BUY,2,1095,3,0,台股（永豐）,
2025-10-13,GOOG,BUY,1,242.24,0,0,美股（Firstrade）,
2025-10-13,AMZN,SELL,1,218.5,0,0,美股（Firstrade）,
2025-10-13,BTC-USD,BUY,0.00022325,116461.37,0,0,加密貨幣（Binance）,
2025-10-13,ETH-USD,BUY,0.00143016,4195.33,0,0,加密貨幣（Binance）,
2025-10-13,AVAX,BUY,0.08964465,22.31,0,0,加密貨幣（Binance）,
2025-10-13,SOL-USD,BUY,0.01006252,198.76,0,0,加密貨幣（Binance）,
2025-10-13,LINK,BUY,0.10494761,19.06,0,0,加密貨幣（Binance）,
2025-10-13,ADA-USD,BUY,1.7068698,0.7,0,0,加密貨幣（Binance）,
2025-10-13,XRP-USD,BUY,0.31443891,2.54,0,0,加密貨幣（Binance）,
2025-10-11,BTC-USD,BUY,0.00022899,110790.86,0,0,加密貨幣（Binance）,
2025-10-11,ETH-USD,BUY,0.00156842,3825.51,0,0,加密貨幣（Binance）,
2025-10-11,AVAX,BUY,0.08999711,22.22,0,0,加密貨幣（Binance）,
2025-10-11,LINK,BUY,0.11260414,17.76,0,0,加密貨幣（Binance）,
2025-10-11,SOL-USD,BUY,0.01074775,186.09,0,0,加密貨幣（Binance）,
2025-10-11,ADA-USD,BUY,1.81700425,0.66,0,0,加密貨幣（Binance）,
2025-10-11,XRP-USD,BUY,0.32584081,2.46,0,0,加密貨幣（Binance）,
2025-10-09,3653.TW,BUY,1,2285,3,0,台股（永豐）,
2025-10-08,6940.TWO,SELL,1000,32.3,46,96,台股（永豐）,
2025-10-08,6456.TW,SELL,170,58,14,29,台股（永豐）,
2025-10-08,3227.TWO,BUY,10,239,3,0,台股（永豐）,
2025-10-08,6770.TW,BUY,70,28.8,2,0,台股（永豐）,
2025-10-07,6789.TW,SELL,41,273.5,15,33,台股（永豐）,
2025-10-07,6770.TW,BUY,170,29.55,7,0,台股（永豐）,
2025-10-07,3227.TWO,BUY,20,251,7,0,台股（永豐）,
2025-10-07,8299.TWO,BUY,2,852,2,0,台股（永豐）,
2025-10-06,BTC-USD,BUY,0.00015768,123668.19,0,0,加密貨幣（Binance）,
2025-10-06,SHY,DIVIDEND,30,0.17933333333333332,0,2.31,美股（Firstrade）,
2025-10-06,ETH-USD,BUY,0.00099684,4514.27,0,0,加密貨幣（Binance）,
2025-10-06,SOL-USD,BUY,0.00653481,229.54,0,0,加密貨幣（Binance）,
2025-10-06,LINK,BUY,0.06908445,21.71,0,0,加密貨幣（Binance）,
2025-10-06,AVAX,BUY,0.04965273,30.21,0,0,加密貨幣（Binance）,
2025-10-06,ADA-USD,BUY,1.0711493,0.84,0,0,加密貨幣（Binance）,
2025-10-06,XRP-USD,BUY,0.20185711,2.97,0,0,加密貨幣（Binance）,
2025-10-03,3653.TW,BUY,1,2410,3,0,台股（永豐）,
2025-10-03,2454.TW,BUY,1,1300,1,0,台股（永豐）,
2025-10-01,VOO,DIVIDEND,1,1.22,0,0.52,美股（Firstrade）,
2025-09-30,6789.TW,SELL,36,277,14,29,台股（永豐）,
2025-09-30,5371.TWO,BUY,46,108.5,7,0,台股（永豐）,
2025-09-30,GOOG,BUY,1,241,0,0,美股（Firstrade）,
2025-09-30,SHY,SELL,1,82.98,0,0,美股（Firstrade）,
2025-09-29,BTC-USD,BUY,0.00023076,112671.17,0,0,加密貨幣（Binance）,
2025-09-29,ETH-USD,BUY,0.00144681,4147.05,0,0,加密貨幣（Binance）,
2025-09-29,SOL-USD,BUY,0.00950091,210.51,0,0,加密貨幣（Binance）,
2025-09-29,ADA-USD,BUY,2.48074081,0.81,0,0,加密貨幣（Binance）,
2025-09-29,XRP-USD,BUY,0.69649157,2.87,0,0,加密貨幣（Binance）,
2025-09-29,AVAX,BUY,0.06662223,30.02,0,0,加密貨幣（Binance）,
2025-09-26,3665.TW,BUY,2,996,2,0,台股（永豐）,
2025-09-26,2383.TW,DIVIDEND,9,15.444444444444445,10,0,台股（永豐）,
2025-09-25,5434.TW,BUY,15,329.5,7,0,台股（永豐）,
2025-09-25,2454.TW,BUY,1,1345,1,0,台股（永豐）,
2025-09-25,BTC-USD,BUY,0.0002291,113487.56,0,0,加密貨幣（Binance）,
2025-09-25,ETH-USD,BUY,0.00144617,4148.89,0,0,加密貨幣（Binance）,
2025-09-25,AVAX,BUY,0.06144136,32.55,0,0,加密貨幣（Binance）,
2025-09-25,ADA-USD,BUY,2.46388974,0.81,0,0,加密貨幣（Binance）,
2025-09-25,SOL-USD,BUY,0.00942033,212.31,0,0,加密貨幣（Binance）,
2025-09-25,XRP-USD,BUY,0.6819624,2.93,0,0,加密貨幣（Binance）,
2025-09-24,5434.TW,BUY,16,311,7,0,台股（永豐）,
2025-09-24,XLV,DIVIDEND,2,0.435,0,0.38,美股（Firstrade）,
2025-09-23,1519.TW,SELL,17,586,14,29,台股（永豐）,
2025-09-21,BTC-USD,BUY,0.00022408,116029.99,0,0,加密貨幣（Binance）,
2025-09-21,ETH-USD,BUY,0.00133411,4497.38,0,0,加密貨幣（Binance）,
2025-09-21,ADA-USD,BUY,2.22081086,0.9,0,0,加密貨幣（Binance）,
2025-09-21,AVAX,BUY,0.06038502,33.12,0,0,加密貨幣（Binance）,
2025-09-21,SOL-USD,BUY,0.00830569,240.8,0,0,加密貨幣（Binance）,
2025-09-21,XRP-USD,BUY,0.66757376,3,0,0,加密貨幣（Binance）,
2025-09-19,5434.TW,BUY,17,295,7,0,台股（永豐）,
2025-09-19,SHY,SELL,2,82.95,0,0,美股（Firstrade）,
2025-09-19,CFLT,BUY,1,19.99,0,0,美股（Firstrade）,
2025-09-16,GOOG,BUY,1,248.5,0,0,美股（Firstrade）,
2025-09-16,BTC-USD,BUY,0.00022407,116035.17,0,0,加密貨幣（Binance）,
2025-09-16,MCD,DIVIDEND,3,1.24,0,1.59,美股（Firstrade）,
2025-09-15,ETH-USD,BUY,0.001285,4669.26,0,0,加密貨幣（Binance）,
2025-09-15,ADA-USD,BUY,2.16932923,0.92,0,0,加密貨幣（Binance）,
2025-09-15,SOL-USD,BUY,0.00816334,245,0,0,加密貨幣（Binance）,
2025-09-15,XRP-USD,BUY,0.64484175,3.1,0,0,加密貨幣（Binance）,
2025-09-15,AVAX,BUY,0.06666159,30,0,0,加密貨幣（Binance）,
2025-09-12,8299.TWO,BUY,8,628,7,0,台股（永豐）,
2025-09-12,SHY,SELL,2,82.92,0,0,美股（Firstrade）,
2025-09-12,SHY,SELL,2,82.91,0,0,美股（Firstrade）,
2025-09-12,IGV,BUY,1,111.7,0,0,美股（Firstrade）,
2025-09-12,2301.TW,DIVIDEND,44,1.7727272727272727,10,0,台股（永豐）,
2025-09-11,2891.TW,SELL,420,42.3,25,53,台股（永豐）,
2025-09-11,8299.TWO,BUY,9,601,7,0,台股（永豐）,
2025-09-11,MCD,SELL,1,306.5,0,0,美股（Firstrade）,
2025-09-11,GOOG,BUY,1,238,0,0,美股（Firstrade）,
2025-09-10,5371.TWO,BUY,40,122,6,0,台股（永豐）,
2025-09-10,MU,BUY,1,140,0,0,美股（Firstrade）,
2025-09-10,CVX,DIVIDEND,3,1.2,0,1.53,美股（Firstrade）,
2025-09-08,8299.TWO,BUY,19,545,14,0,台股（永豐）,
2025-09-08,6789.TW,BUY,32,315,14,0,台股（永豐）,
2025-09-08,2408.TW,BUY,185,54.4,14,0,台股（永豐）,
2025-09-08,BTC-USD,BUY,0.00035184,110845.84,0,0,加密貨幣（Binance）,
2025-09-08,ETH-USD,BUY,0.00209046,4305.27,0,0,加密貨幣（Binance）,
2025-09-08,ADA-USD,BUY,3.62379219,0.83,0,0,加密貨幣（Binance）,
2025-09-08,XRP-USD,BUY,1.06247484,2.82,0,0,加密貨幣（Binance）,
2025-09-08,AVAX,BUY,0.12162411,24.67,0,0,加密貨幣（Binance）,
2025-09-08,SOL-USD,BUY,0.01483353,202.24,0,0,加密貨幣（Binance）,
2025-09-06,,DEPOSIT,1,324.7,0,0,加密貨幣（Binance）,
2025-09-05,5371.TWO,BUY,40,125.5,7,0,台股（永豐）,
2025-09-05,1216.TW,DIVIDEND,193,2.948186528497409,10,0,台股（永豐）,
2025-09-05,NVDA,SELL,1,165.5,0,0,美股（Firstrade）,
2025-09-05,SHY,DIVIDEND,36,0.18083333333333332,0,2.79,美股（Firstrade）,
2025-09-04,4958.TW,SELL,96,173.5,23,49,台股（永豐）,
2025-09-04,3653.TW,BUY,4,2380,13,0,台股（永豐）,
2025-09-03,3665.TW,BUY,11,972,14,0,台股（永豐）,
2025-09-03,3406.TW,BUY,23,443,14,0,台股（永豐）,
2025-09-03,CFLT,BUY,5,18.88,0,0,美股（Firstrade）,
2025-09-02,6456.TW,BUY,78,64.4,7,0,台股（永豐）,
2025-09-01,3661.TW,SELL,4,3920,22,47,台股（永豐）,
2025-08-29,,DEPOSIT,1,47210,0,0,台股（永豐）,
2025-08-29,NVDA,BUY,1,174,0,0,美股（Firstrade）,
2025-08-28,3563.TW,BUY,18,578,14,0,台股（永豐）,
2025-08-27,1216.TW,SELL,193,77.1,21,44,台股（永豐）,
2025-08-27,2891.TW,BUY,120,41.9,7,0,台股（永豐）,
2025-08-27,6456.TW,BUY,84,59.5,7,0,台股（永豐）,
2025-08-27,CFLT,BUY,5,18.31,0,0,美股（Firstrade）,
2025-08-25,1519.TW,BUY,17,608,14,0,台股（永豐）,
2025-08-25,XLV,BUY,1,136.5,0,0,美股（Firstrade）,
2025-08-25,BTC-USD,BUY,0.00016846,115754.48,0,0,加密貨幣（Binance）,
2025-08-25,ETH-USD,BUY,0.00094104,4781.94,0,0,加密貨幣（Binance）,
2025-08-25,ADA-USD,BUY,1.63942569,0.91,0,0,加密貨幣（Binance）,
2025-08-25,SOL-USD,BUY,0.00726207,206.55,0,0,加密貨幣（Binance）,
2025-08-25,AVAX,BUY,0.05759416,26.04,0,0,加密貨幣（Binance）,
2025-08-25,XRP-USD,BUY,0.4912813,3.05,0,0,加密貨幣（Binance）,
2025-08-22,3661.TW,SELL,4,3710,21,44,台股（永豐）,
2025-08-22,6456.TW,BUY,184,54.4,14,0,台股（永豐）,
2025-08-22,2301.TW,SELL,44,124.5,7,16,台股（永豐）,
2025-08-21,2383.TW,BUY,9,1170,15,0,台股（永豐）,
2025-08-21,XLV,BUY,1,137,0,0,美股（Firstrade）,
2025-08-21,BTC-USD,BUY,0.00022665,114714.32,0,0,加密貨幣（Binance）,
2025-08-21,ETH-USD,BUY,0.00137981,4348.42,0,0,加密貨幣（Binance）,
2025-08-21,SOL-USD,BUY,0.01058591,188.93,0,0,加密貨幣（Binance）,
2025-08-21,AVAX,BUY,0.08481769,23.58,0,0,加密貨幣（Binance）,
2025-08-21,XRP-USD,BUY,0.67739205,2.95,0,0,加密貨幣（Binance）,
2025-08-21,ADA-USD,BUY,2.24037813,0.89,0,0,加密貨幣（Binance）,
2025-08-20,AVGO,SELL,2,284.3,0,0,美股（Firstrade）,
2025-08-20,AMD,SELL,2,164.8,0,0,美股（Firstrade）,
2025-08-20,AVAV,BUY,1,233,0,0,美股（Firstrade）,
2025-08-19,2890.TW,SELL,804,26,29,62,台股（永豐）,
2025-08-19,6789.TW,BUY,39,260.5,14,0,台股（永豐）,
2025-08-18,6690.TWO,BUY,55,185,14,0,台股（永豐）,
2025-08-18,BTC-USD,BUY,0.0002212,117540.69,0,0,加密貨幣（Binance）,
2025-08-18,ETH-USD,BUY,0.00133701,4487.63,0,0,加密貨幣（Binance）,
2025-08-18,AVAX,BUY,0.07900835,25.31,0,0,加密貨幣（Binance）,
2025-08-18,SOL-USD,BUY,0.01047123,191,0,0,加密貨幣（Binance）,
2025-08-18,XRP-USD,BUY,0.64657875,3.09,0,0,加密貨幣（Binance）,
2025-08-18,ADA-USD,BUY,2.0940856,0.96,0,0,加密貨幣（Binance）,
2025-08-15,5904.TWO,DIVIDEND,21,22.523809523809526,10,0,台股（永豐）,
2025-08-15,COST,DIVIDEND,1,0.91,0,0.39,美股（Firstrade）,
2025-08-14,6741.TWO,BUY,59,85.7,7,0,台股（永豐）,
2025-08-14,AAPL,DIVIDEND,4,0.1825,0,0.31,美股（Firstrade）,
2025-08-12,ADA-USD,BUY,1.86649611,0.8,0,0,加密貨幣（Binance）,
2025-08-11,BTC-USD,BUY,0.0001632,119485.29,0,0,加密貨幣（Binance）,
2025-08-11,ETH-USD,BUY,0.00104687,4298.53,0,0,加密貨幣（Binance）,
2025-08-11,AVAX,BUY,0.06298231,23.82,0,0,加密貨幣（Binance）,
2025-08-11,XRP-USD,BUY,0.46541434,3.22,0,0,加密貨幣（Binance）,
2025-08-11,SOL-USD,BUY,0.00819741,182.98,0,0,加密貨幣（Binance）,
2025-08-08,2891.TW,DIVIDEND,300,2.2666666666666666,10,0,台股（永豐）,
2025-08-07,2357.TW,BUY,9,685,8,0,台股（永豐）,
2025-08-07,SHY,BUY,3,82.65,0,0,美股（Firstrade）,
2025-08-07,CFLT,BUY,5,17.26,0,0,美股（Firstrade）,
2025-08-07,SHY,DIVIDEND,36,0.17305555555555557,0,2.67,美股（Firstrade）,
2025-08-07,ASML,DIVIDEND,1,1.57,0,0.28,美股（Firstrade）,
2025-08-06,AMD,SELL,2,158.03,0,0,美股（Firstrade）,
2025-08-05,3443.TW,BUY,8,1290,14,0,台股（永豐）,
2025-08-04,BTC-USD,BUY,0.00022609,114998.45,0,0,加密貨幣（Binance）,
2025-08-04,ETH-USD,BUY,0.00167882,3573.94,0,0,加密貨幣（Binance）,
2025-08-04,ADA-USD,BUY,2.68105009,0.75,0,0,加密貨幣（Binance）,
2025-08-04,SOL-USD,BUY,0.01206878,165.72,0,0,加密貨幣（Binance）,
2025-08-04,AVAX,BUY,0.091223,21.92,0,0,加密貨幣（Binance）,
2025-08-04,XRP-USD,BUY,0.65571463,3.05,0,0,加密貨幣（Binance）,
2025-08-01,2356.TW,DIVIDEND,250,1.66,10,0,台股（永豐）,
2025-07-31,6940.TWO,SELL,1000,29.8,42,89,台股（永豐）,
2025-07-31,5904.TWO,SELL,21,463,13,29,台股（永豐）,
2025-07-31,2454.TW,DIVIDEND,14,24.285714285714285,10,0,台股（永豐）,
2025-07-30,2356.TW,SELL,250,43.95,15,32,台股（永豐）,
2025-07-28,BTC-USD,BUY,0.000163,119631.9,0,0,加密貨幣（Binance）,
2025-07-28,ETH-USD,BUY,0.00115923,3881.89,0,0,加密貨幣（Binance）,
2025-07-28,SOL-USD,BUY,0.00788023,190.35,0,0,加密貨幣（Binance）,
2025-07-28,XRP-USD,BUY,0.45750227,3.28,0,0,加密貨幣（Binance）,
2025-07-28,AVAX,BUY,0.05749959,26.09,0,0,加密貨幣（Binance）,
2025-07-28,ADA-USD,BUY,1.80073089,0.83,0,0,加密貨幣（Binance）,
2025-07-25,6789.TW,DIVIDEND,47,2.7872340425531914,10,0,台股（永豐）,
2025-07-24,2890.TW,SELL,196,25.5,7,14,台股（永豐）,
2025-07-24,AVAV,BUY,1,274,0,0,美股（Firstrade）,
2025-07-24,SHY,SELL,3,82.52,0,0,美股（Firstrade）,
2025-07-23,2308.TW,DIVIDEND,35,6.714285714285714,10,0,台股（永豐）,
2025-07-21,BTC-USD,BUY,0.00016516,118067.33,0,0,加密貨幣（Binance）,
2025-07-21,ETH-USD,BUY,0.00119226,3774.34,0,0,加密貨幣（Binance）,
2025-07-21,ADA-USD,BUY,1.74270221,0.86,0,0,加密貨幣（Binance）,
2025-07-21,SOL-USD,BUY,0.0083002,180.72,0,0,加密貨幣（Binance）,
2025-07-21,AVAX,BUY,0.05939301,25.26,0,0,加密貨幣（Binance）,
2025-07-21,XRP-USD,BUY,0.43267399,3.47,0,0,加密貨幣（Binance）,
2025-07-17,2357.TW,DIVIDEND,27,33.629629629629626,0,0,台股（永豐）,
2025-07-17,SHY,SELL,3,82.48,0,0,美股（Firstrade）,
2025-07-17,AMZN,BUY,1,223.34,0,0,美股（Firstrade）,
2025-07-16,4958.TW,DIVIDEND,48,4.583333333333333,10,0,台股（永豐）,
2025-07-15,SHY,BUY,6,82.48,0,0,美股（Firstrade）,
2025-07-15,BRK-B,SELL,1,477.3,0,0,美股（Firstrade）,
2025-07-15,SHY,BUY,4,82.39,0,0,美股（Firstrade）,
2025-07-15,AMD,BUY,1,155.99,0,0,美股（Firstrade）,
2025-07-15,OXY,DIVIDEND,7,0.1442857142857143,0,0.43,美股（Firstrade）,
2025-07-14,BTC-USD,BUY,0.00016345,119302.54,0,0,加密貨幣（Binance）,
2025-07-14,ETH-USD,BUY,0.0015075,2985.07,0,0,加密貨幣（Binance）,
2025-07-14,AVAX,BUY,0.07019469,21.37,0,0,加密貨幣（Binance）,
2025-07-14,ADA-USD,BUY,2.00916,0.75,0,0,加密貨幣（Binance）,
2025-07-14,SOL-USD,BUY,0.0092137,162.8,0,0,加密貨幣（Binance）,
2025-07-14,XRP-USD,BUY,0.52403,2.86,0,0,加密貨幣（Binance）,
2025-07-12,VOO,SELL,1,573.45,0,0,美股（Firstrade）,
2025-07-12,IGV,BUY,3,108.5,0,0,美股（Firstrade）,
2025-07-12,MCD,SELL,1,298.5,0,0,美股（Firstrade）,
2025-07-12,SHY,BUY,3,82.45,0,0,美股（Firstrade）,
2025-07-12,CVX,SELL,1,155.1,0,0,美股（Firstrade）,
2025-07-11,6940.TWO,BUY,1000,29.45,41,0,台股（永豐）,
2025-07-11,0050.TW,SELL,529,49.47,0,60,台股（永豐）,
2025-07-11,,WITHDRAWAL,1,7000,0,0,台股（永豐）,
2025-07-11,2480.TW,DIVIDEND,126,3.5952380952380953,0,0,台股（永豐）,
2025-07-11,TSLA,SELL,1,307.1,0,0,美股（Firstrade）,
2025-07-11,AVAV,BUY,1,252,0,0,美股（Firstrade）,
2025-07-11,LMT,DIVIDEND,1,2.31,0,0.99,美股（Firstrade）,
2025-07-10,2454.TW,BUY,1,1385,1,0,台股（永豐）,
2025-07-10,6585.TW,DIVIDEND,81,7.92,0,0,台股（永豐）,
2025-07-10,2330.TW,DIVIDEND,36,4.5,0,0,台股（永豐）,
2025-07-07,BTC-USD,BUY,0.00017889,109005.53,0,0,加密貨幣（Binance）,
2025-07-07,ETH-USD,BUY,0.00174945,2572.24,0,0,加密貨幣（Binance）,
2025-07-07,SHY,DIVIDEND,23,0.18478260869565216,0,1.82,美股（Firstrade）,
2025-07-07,ADA-USD,BUY,2.553808,0.59,0,0,加密貨幣（Binance）,
2025-07-07,AVAX,BUY,0.08142577,18.42,0,0,加密貨幣（Binance）,
2025-07-07,XRP-USD,BUY,0.66017775,2.27,0,0,加密貨幣（Binance）,
2025-07-07,SOL-USD,BUY,0.00988157,151.8,0,0,加密貨幣（Binance）,
2025-07-04,6585.TW,SELL,81,102.5,0,0,台股（永豐）,
2025-07-03,4958.TW,BUY,48,104.5,7,0,台股（永豐）,
2025-07-03,2301.TW,BUY,44,113.5,7,0,台股（永豐）,
2025-07-03,SHY,BUY,3,82.42,0,0,美股（Firstrade）,
2025-07-03,NVDA,DIVIDEND,1,0.01,0,0,美股（Firstrade）,
2025-07-02,VOO,DIVIDEND,2,1.22,0,1.05,美股（Firstrade）,
2025-07-01,3023.TW,SELL,44,221,0,0,台股（永豐）,
2025-06-30,,DEPOSIT,1,6666,0,0,台股（永豐）,
2025-06-30,0050.TW,BUY,41,48.34,1,0,台股（永豐）,
2025-06-30,BTC-USD,BUY,0.00017865,109151.97,0,0,加密貨幣（Binance）,
2025-06-30,ETH-USD,BUY,0.00177559,2534.37,0,0,加密貨幣（Binance）,
2025-06-30,SOL-USD,BUY,0.009769,153.55,0,0,加密貨幣（Binance）,
2025-06-30,XRP-USD,BUY,0.6769613,2.22,0,0,加密貨幣（Binance）,
2025-06-30,AVAX,BUY,0.07990891,18.77,0,0,加密貨幣（Binance）,
2025-06-30,ADA-USD,BUY,2.57660117,0.58,0,0,加密貨幣（Binance）,
2025-06-30,AVGO,DIVIDEND,2,0.415,0,0.35,美股（Firstrade）,
2025-06-28,,DEPOSIT,1,2629,0,0,台股（永豐）,
2025-06-27,6940.TWO,BUY,1000,28.1,40,0,台股（永豐）,
2025-06-27,3661.TW,BUY,3,3075,13,0,台股（永豐）,
2025-06-27,2324.TW,SELL,219,28.75,0,0,台股（永豐）,
2025-06-27,2324.TW,SELL,132,28.4,0,0,台股（永豐）,
2025-06-27,BA,SELL,1,205,0,0,美股（Firstrade）,
2025-06-26,6585.TW,SELL,87,120,0,0,台股（永豐）,
2025-06-26,6741.TWO,BUY,117,86,14,0,台股（永豐）,
2025-06-26,2480.TW,BUY,65,154.5,14,0,台股（永豐）,
2025-06-24,2308.TW,BUY,24,416.5,14,0,台股（永豐）,
2025-06-23,BTC-USD,BUY,0.00019195,101588.96,0,0,加密貨幣（Binance）,
2025-06-23,ETH-USD,BUY,0.00199587,2254.66,0,0,加密貨幣（Binance）,
2025-06-23,XRP-USD,BUY,0.73934999,2.03,0,0,加密貨幣（Binance）,
2025-06-23,ADA-USD,BUY,2.7467,0.55,0,0,加密貨幣（Binance）,
2025-06-23,AVAX,BUY,0.08978,16.71,0,0,加密貨幣（Binance）,
2025-06-23,SOL-USD,BUY,0.01124875,133.35,0,0,加密貨幣（Binance）,
2025-06-17,LMT,SELL,1,472,0,0,美股（Firstrade）,
2025-06-17,IGV,BUY,3,107,0,0,美股（Firstrade）,
2025-06-17,AMD,BUY,1,129,0,0,美股（Firstrade）,
2025-06-16,6585.TW,SELL,32,120,0,0,台股（永豐）,
2025-06-16,BTC-USD,BUY,0.00018411,105914.94,0,0,加密貨幣（Binance）,
2025-06-16,MCD,DIVIDEND,4,1.24,0,2.12,美股（Firstrade）,
2025-06-16,ETH-USD,BUY,0.00175967,2557.3,0,0,加密貨幣（Binance）,
2025-06-16,SOL-USD,BUY,0.00980645,152.96,0,0,加密貨幣（Binance）,
2025-06-16,XRP-USD,BUY,0.690033,2.17,0,0,加密貨幣（Binance）,
2025-06-16,AVAX,BUY,0.0779873,19.23,0,0,加密貨幣（Binance）,
2025-06-16,ADA-USD,BUY,2.363777,0.63,0,0,加密貨幣（Binance）,
2025-06-13,OXY,BUY,1,46.06,0,0,美股（Firstrade）,
2025-06-12,SHY,SELL,3,82.45,0,0,美股（Firstrade）,
2025-06-12,BA,BUY,1,204.5,0,0,美股（Firstrade）,
2025-06-11,BTC-USD,BUY,0.00018394,106012.83,0,0,加密貨幣（Binance）,
2025-06-11,AVAX,BUY,0.071465,20.99,0,0,加密貨幣（Binance）,
2025-06-10,6190.TWO,SELL,281,40.5,13,0,台股（永豐）,
2025-06-10,CVX,DIVIDEND,6,1.71,0,0,美股（Firstrade）,
2025-06-09,6789.TW,BUY,24,209.5,0,0,台股（永豐）,
2025-06-09,ETH-USD,BUY,0.001789,2515.37,0,0,加密貨幣（Binance）,
2025-06-09,ADA-USD,BUY,2.2371,0.67,0,0,加密貨幣（Binance）,
2025-06-09,SOL-USD,BUY,0.00979383,153.16,0,0,加密貨幣（Binance）,
2025-06-09,XRP-USD,BUY,0.6621,2.27,0,0,加密貨幣（Binance）,
2025-06-07,SHY,SELL,3,82.25,0,0,美股（Firstrade）,
2025-06-06,TSLA,BUY,1,297.77,0,0,美股（Firstrade）,
2025-06-05,SHY,DIVIDEND,29,0.19034482758620688,0,2.36,美股（Firstrade）,
2025-06-03,3305.TW,SELL,183,64,16,35,台股（永豐）,
2025-06-03,ETH-USD,BUY,0.00236155,2540.7,0,0,加密貨幣（Binance）,
2025-06-03,XRP-USD,BUY,0.6866,2.18,0,0,加密貨幣（Binance）,
2025-06-03,SOL-USD,BUY,0.009427,159.12,0,0,加密貨幣（Binance）,
2025-06-02,2480.TW,BUY,61,165.23,0,0,台股（永豐）,
2025-06-02,IGV,BUY,3,103,0,0,美股（Firstrade）,
2025-06-02,6190.TWO,SELL,5,40.15,0,1.75,台股（永豐）,
2025-06-02,BTC-USD,BUY,0.00018452,105679.6,0,0,加密貨幣（Binance）,
2025-06-02,ADA-USD,BUY,2.1754,0.69,0,0,加密貨幣（Binance）,
2025-05-29,0050.TW,BUY,44,45,1,0,台股（永豐）,
2025-05-29,CVX,SELL,2,137.8,0,0,美股（Firstrade）,
2025-05-29,,WITHDRAWAL,1,43.19,0,0,加密貨幣（Binance）,
2025-05-26,,DEPOSIT,1,453.25,0,0,加密貨幣（Binance）,
2025-05-26,,DEPOSIT,1,401.82,0,0,加密貨幣（Binance）,
2025-05-26,BTC-USD,BUY,0.00219292,89921.2,0,0,加密貨幣（Binance）,
2025-05-26,ETH-USD,BUY,0.0497,1923.34,0,0,加密貨幣（Binance）,
2025-05-26,SOL-USD,BUY,0.22763,131.22,0,0,加密貨幣（Binance）,
2025-05-26,ADA-USD,BUY,43.2156,0.69,0,0,加密貨幣（Binance）,
2025-05-26,XRP-USD,BUY,2.574418,2.32,0,0,加密貨幣（Binance）,
2025-05-22,4958.TW,BUY,48,103,7,0,台股（永豐）,
2025-05-21,2330.TW,BUY,36,838,0,0,台股（永豐）,
2025-05-21,6585.TW,BUY,200,118.24,0,0,台股（永豐）,
2025-05-21,2890.TW,BUY,1000,20.73,0,0,台股（永豐）,
2025-05-21,2454.TW,BUY,14,1366.71,0,0,台股（永豐）,
2025-05-21,0050.TW,BUY,444,42.52,0,0,台股（永豐）,
2025-05-21,2357.TW,BUY,27,561.74,0,0,台股（永豐）,
2025-05-21,1216.TW,BUY,193,77.52,0,0,台股（永豐）,
2025-05-21,2308.TW,BUY,35,345.97,0,0,台股（永豐）,
2025-05-21,3661.TW,BUY,5,2297.2,0,0,台股（永豐）,
2025-05-21,2891.TW,BUY,300,37.23,0,0,台股（永豐）,
2025-05-21,3305.TW,BUY,183,55.04,0,0,台股（永豐）,
2025-05-21,6190.TWO,BUY,286,35.05,0,0,台股（永豐）,
2025-05-21,2324.TW,BUY,351,28.54,0,0,台股（永豐）,
2025-05-21,5904.TWO,BUY,21,476.67,0,0,台股（永豐）,
2025-05-21,3023.TW,BUY,44,227,14,0,台股（永豐）,
2025-05-21,6789.TW,BUY,23,220.3,0,0,台股（永豐）,
2025-05-21,SHY,BUY,29,82.58,0,0,美股（Firstrade）,
2025-05-21,TSLA,BUY,5,233.07,0,0,美股（Firstrade）,
2025-05-21,AMZN,BUY,6,190.64,0,0,美股（Firstrade）,
2025-05-21,VOO,BUY,2,479.64,0,0,美股（Firstrade）,
2025-05-21,COST,BUY,1,930,0,0,美股（Firstrade）,
2025-05-21,CVX,BUY,6,137.5,0,0,美股（Firstrade）,
2025-05-21,AAPL,BUY,4,201.38,0,0,美股（Firstrade）,
2025-05-21,ASML,BUY,1,728.03,0,0,美股（Firstrade）,
2025-05-21,BRK-B,BUY,1,526.47,0,0,美股（Firstrade）,
2025-05-21,LMT,BUY,1,471,0,0,美股（Firstrade）,
2025-05-21,AVGO,BUY,2,171.93,0,0,美股（Firstrade）,
2025-05-21,OXY,BUY,6,43.55,0,0,美股（Firstrade）,
2025-05-21,AMD,BUY,2,109.73,0,0,美股（Firstrade）,
2025-05-21,NVDA,BUY,1,105,0,0,美股（Firstrade）,
2025-04-14,2356.TW,BUY,250,42.7,15,0,台股（永豐）,
2025-04-10,MCD,BUY,4,305.75,0,0,美股（Firstrade）,
2025-04-07,,DEPOSIT,1,6186.12,0,0,美股（Firstrade）,
2025-04-01,,DEPOSIT,1,243352,0,0,台股（永豐）,
2025-03-19,,DEPOSIT,1,51477,0,0,台股（永豐）,
2025-03-19,,DEPOSIT,1,6000,0,0,美股（Firstrade）,